SlNo,State_Code,State,District_Key,District,Confirmed,Active,Recovered,Deceased,Migrated_Other,Delta_Confirmed,Delta_Active,Delta_Recovered,Delta_Deceased,District_Notes,Last_Updated
0,UN,State Unassigned,UN_Unassigned,Unassigned,0,0,0,0,0,0,0,0,0,,
1,AN,Andaman and Nicobar Islands,AN_Nicobars,Nicobars,0,0,0,0,0,0,0,0,0,District-wise numbers are out-dated as cumulative counts for each district are not reported in bulletin,
2,AN,Andaman and Nicobar Islands,AN_North and Middle Andaman,North and Middle Andaman,1,0,1,0,0,0,0,0,0,District-wise numbers are out-dated as cumulative counts for each district are not reported in bulletin,
3,AN,Andaman and Nicobar Islands,AN_South Andaman,South Andaman,51,19,32,0,0,0,0,0,0,District-wise numbers are out-dated as cumulative counts for each district are not reported in bulletin,
0,AP,Andhra Pradesh,AP_Foreign Evacuees,Foreign Evacuees,434,0,434,0,0,0,0,0,0,,
4,AP,Andhra Pradesh,AP_Anantapur,Anantapur,69031,609,67816,606,0,131,66,65,0,,
5,AP,Andhra Pradesh,AP_Chittoor,Chittoor,92205,2535,88792,878,0,465,308,157,0,,
6,AP,Andhra Pradesh,AP_East Godavari,East Godavari,125587,812,124138,637,0,58,49,9,0,,
7,AP,Andhra Pradesh,AP_Guntur,Guntur,80525,2231,77611,683,0,399,280,118,1,,
8,AP,Andhra Pradesh,AP_Krishna,Krishna,51892,1879,49324,689,0,152,49,102,1,,
9,AP,Andhra Pradesh,AP_Kurnool,Kurnool,62497,971,61027,499,0,344,327,16,1,,
0,AP,Andhra Pradesh,AP_Other State,Other State,2461,0,2461,0,0,0,0,0,0,,
10,AP,Andhra Pradesh,AP_Prakasam,Prakasam,63185,760,61838,587,0,153,6,146,1,,
11,AP,Andhra Pradesh,AP_S.P.S. Nellore,S.P.S. Nellore,64398,1349,62533,516,0,204,134,69,1,,
12,AP,Andhra Pradesh,AP_Srikakulam,Srikakulam,47367,738,46282,347,0,185,147,38,0,,
13,AP,Andhra Pradesh,AP_Visakhapatnam,Visakhapatnam,63577,2024,60971,582,0,290,180,109,1,,
14,AP,Andhra Pradesh,AP_Vizianagaram,Vizianagaram,41631,286,41107,238,0,46,32,14,0,,
15,AP,Andhra Pradesh,AP_West Godavari,West Godavari,94663,221,93900,542,0,37,28,9,0,,
16,AP,Andhra Pradesh,AP_Y.S.R. Kadapa,Y.S.R. Kadapa,56379,498,55417,464,0,94,31,63,0,,
17,AR,Arunachal Pradesh,AR_Anjaw,Anjaw,204,0,204,0,0,0,0,0,0,,
18,AR,Arunachal Pradesh,AR_Changlang,Changlang,1284,1,1279,4,0,0,0,0,0,,
19,AR,Arunachal Pradesh,AR_East Kameng,East Kameng,304,0,304,0,0,0,0,0,0,,
20,AR,Arunachal Pradesh,AR_East Siang,East Siang,1144,0,1140,4,0,0,0,0,0,,
21,AR,Arunachal Pradesh,AR_Kamle,Kamle,30,0,30,0,0,0,0,0,0,,
22,AR,Arunachal Pradesh,AR_Kra Daadi,Kra Daadi,37,0,37,0,0,0,0,0,0,,
23,AR,Arunachal Pradesh,AR_Kurung Kumey,Kurung Kumey,117,0,117,0,0,0,0,0,0,,
24,AR,Arunachal Pradesh,AR_Lepa Rada,Lepa Rada,286,0,286,0,0,0,0,0,0,,
25,AR,Arunachal Pradesh,AR_Lohit,Lohit,574,1,573,0,0,0,0,0,0,,
26,AR,Arunachal Pradesh,AR_Longding,Longding,250,0,250,0,0,0,0,0,0,,
27,AR,Arunachal Pradesh,AR_Lower Dibang Valley,Lower Dibang Valley,481,3,478,0,0,0,0,0,0,,
28,AR,Arunachal Pradesh,AR_Lower Siang,Lower Siang,287,0,287,0,0,0,0,0,0,,
29,AR,Arunachal Pradesh,AR_Lower Subansiri,Lower Subansiri,381,0,380,1,0,0,0,0,0,,
30,AR,Arunachal Pradesh,AR_Namsai,Namsai,436,2,430,4,0,0,0,0,0,,
31,AR,Arunachal Pradesh,AR_Pakke Kessang,Pakke Kessang,132,0,132,0,0,0,0,0,0,,
32,AR,Arunachal Pradesh,AR_Papum Pare,Papum Pare,6785,4,6752,29,0,0,0,0,0,,
33,AR,Arunachal Pradesh,AR_Shi Yomi,Shi Yomi,104,0,104,0,0,0,0,0,0,,
34,AR,Arunachal Pradesh,AR_Siang,Siang,133,0,132,1,0,0,0,0,0,,
35,AR,Arunachal Pradesh,AR_Tawang,Tawang,492,0,490,2,0,0,0,0,0,,
36,AR,Arunachal Pradesh,AR_Tirap,Tirap,591,2,587,2,0,0,0,0,0,,
37,AR,Arunachal Pradesh,AR_Upper Dibang Valley,Upper Dibang Valley,23,0,23,0,0,0,0,0,0,,
38,AR,Arunachal Pradesh,AR_Upper Siang,Upper Siang,361,0,361,0,0,0,0,0,0,,
39,AR,Arunachal Pradesh,AR_Upper Subansiri,Upper Subansiri,443,2,439,2,0,0,0,0,0,,
40,AR,Arunachal Pradesh,AR_West Kameng,West Kameng,952,2,946,4,0,0,0,0,0,,
41,AR,Arunachal Pradesh,AR_West Siang,West Siang,1030,0,1027,3,0,0,0,0,0,,
0,AS,Assam,AS_Airport Quarantine,Airport Quarantine,13,0,13,0,0,0,0,0,0,,
42,AS,Assam,AS_Baksa,Baksa,689,235,447,7,0,0,0,0,0,,
43,AS,Assam,AS_Barpeta,Barpeta,1126,89,1024,13,0,0,0,0,0,,
44,AS,Assam,AS_Biswanath,Biswanath,478,91,379,8,0,0,0,0,0,,
45,AS,Assam,AS_Bongaigaon,Bongaigaon,1320,479,834,7,0,0,0,0,0,,
46,AS,Assam,AS_Cachar,Cachar,6262,4721,1498,43,0,0,0,0,0,,
47,AS,Assam,AS_Charaideo,Charaideo,117,1,105,11,0,0,0,0,0,,
48,AS,Assam,AS_Chirang,Chirang,288,61,219,8,0,0,0,0,0,,
49,AS,Assam,AS_Darrang,Darrang,1969,221,1730,18,0,0,0,0,0,,
50,AS,Assam,AS_Dhemaji,Dhemaji,766,318,440,8,0,0,0,0,0,,
51,AS,Assam,AS_Dhubri,Dhubri,1723,496,1215,12,0,0,0,0,0,,
52,AS,Assam,AS_Dibrugarh,Dibrugarh,9706,7195,2409,102,0,0,0,0,0,,
53,AS,Assam,AS_Dima Hasao,Dima Hasao,243,42,199,2,0,0,0,0,0,,
54,AS,Assam,AS_Goalpara,Goalpara,668,38,568,10,0,0,0,0,0,,
55,AS,Assam,AS_Golaghat,Golaghat,3824,2122,1656,46,0,0,0,0,0,,
56,AS,Assam,AS_Hailakandi,Hailakandi,1640,517,1116,7,0,0,0,0,0,,
57,AS,Assam,AS_Hojai,Hojai,1658,484,1160,14,0,0,0,0,0,,
58,AS,Assam,AS_Jorhat,Jorhat,8853,7047,1752,54,0,0,0,0,0,,
59,AS,Assam,AS_Kamrup,Kamrup,4661,2552,2074,35,0,0,0,0,0,,
60,AS,Assam,AS_Kamrup Metropolitan,Kamrup Metropolitan,51276,35754,15370,152,0,0,0,0,0,,
61,AS,Assam,AS_Karbi Anglong,Karbi Anglong,637,74,552,11,0,0,0,0,0,,
62,AS,Assam,AS_Karimganj,Karimganj,1216,235,955,26,0,0,0,0,0,,
63,AS,Assam,AS_Kokrajhar,Kokrajhar,423,58,353,12,0,0,0,0,0,,
64,AS,Assam,AS_Lakhimpur,Lakhimpur,3008,1849,1135,24,0,0,0,0,0,,
65,AS,Assam,AS_Majuli,Majuli,165,79,80,6,0,0,0,0,0,,
66,AS,Assam,AS_Morigaon,Morigaon,649,83,557,9,0,0,0,0,0,,
67,AS,Assam,AS_Nagaon,Nagaon,4600,2068,2506,26,0,0,0,0,0,,
68,AS,Assam,AS_Nalbari,Nalbari,955,110,828,17,0,0,0,0,0,,
0,AS,Assam,AS_Other State,Other State,2,1,1,0,0,0,0,0,0,,
69,AS,Assam,AS_Sivasagar,Sivasagar,553,45,473,35,0,0,0,0,0,,
70,AS,Assam,AS_Sonitpur,Sonitpur,2596,850,1727,19,0,0,0,0,0,,
71,AS,Assam,AS_South Salmara Mankachar,South Salmara Mankachar,53,5,47,1,0,0,0,0,0,,
72,AS,Assam,AS_Tinsukia,Tinsukia,3560,1719,1798,43,0,0,0,0,0,,
73,AS,Assam,AS_Udalguri,Udalguri,770,96,666,8,0,0,0,0,0,,
74,AS,Assam,AS_West Karbi Anglong,West Karbi Anglong,39,1,37,1,0,0,0,0,0,,
75,BR,Bihar,BR_Araria,Araria,7457,80,7355,22,0,42,35,7,0,,
76,BR,Bihar,BR_Arwal,Arwal,2518,70,2436,12,0,14,12,2,0,,
77,BR,Bihar,BR_Aurangabad,Aurangabad,5743,99,5628,16,0,16,16,0,0,,
78,BR,Bihar,BR_Banka,Banka,3677,26,3631,20,0,12,9,3,0,,
79,BR,Bihar,BR_Begusarai,Begusarai,8412,147,8228,37,0,56,56,0,0,,
80,BR,Bihar,BR_Bhagalpur,Bhagalpur,10215,335,9792,88,0,150,84,64,2,,
81,BR,Bihar,BR_Bhojpur,Bhojpur,5286,91,5147,48,0,18,5,13,0,,
82,BR,Bihar,BR_Buxar,Buxar,4108,49,4039,20,0,11,7,4,0,,
83,BR,Bihar,BR_Darbhanga,Darbhanga,4422,58,4324,40,0,15,1,13,1,,
101,BR,Bihar,BR_East Champaran,East Champaran,8590,81,8455,54,0,15,15,0,0,,
84,BR,Bihar,BR_Gaya,Gaya,8746,541,8143,62,0,205,204,0,1,,
85,BR,Bihar,BR_Gopalganj,Gopalganj,5950,87,5848,15,0,14,9,5,0,,
86,BR,Bihar,BR_Jamui,Jamui,3237,49,3178,10,0,15,15,0,0,,
87,BR,Bihar,BR_Jehanabad,Jehanabad,5054,339,4688,27,0,49,16,33,0,,
88,BR,Bihar,BR_Kaimur,Kaimur,2359,78,2271,10,0,30,27,3,0,,
89,BR,Bihar,BR_Katihar,Katihar,7328,26,7289,13,0,4,0,4,0,,
90,BR,Bihar,BR_Khagaria,Khagaria,3202,31,3157,14,0,10,7,3,0,,
91,BR,Bihar,BR_Kishanganj,Kishanganj,4413,67,4333,13,0,19,19,0,0,,
92,BR,Bihar,BR_Lakhisarai,Lakhisarai,3908,30,3869,9,0,10,6,4,0,,
93,BR,Bihar,BR_Madhepura,Madhepura,4983,66,4900,17,0,20,19,1,0,,
94,BR,Bihar,BR_Madhubani,Madhubani,7899,61,7802,36,0,10,9,1,0,,
95,BR,Bihar,BR_Munger,Munger,4516,158,4300,58,0,61,59,2,0,,
96,BR,Bihar,BR_Muzaffarpur,Muzaffarpur,12408,282,12074,52,0,93,93,0,0,,
97,BR,Bihar,BR_Nalanda,Nalanda,8546,117,8369,60,0,33,26,7,0,,
98,BR,Bihar,BR_Nawada,Nawada,4454,82,4345,27,0,5,5,0,0,,
100,BR,Bihar,BR_Patna,Patna,57362,3205,53688,469,0,748,643,105,0,,
102,BR,Bihar,BR_Purnia,Purnia,9604,130,9449,25,0,31,28,3,0,,
103,BR,Bihar,BR_Rohtas,Rohtas,7075,140,6889,46,0,20,20,0,0,,
104,BR,Bihar,BR_Saharsa,Saharsa,7011,117,6881,13,0,26,26,0,0,,
105,BR,Bihar,BR_Samastipur,Samastipur,5585,185,5365,35,0,31,31,0,0,,
106,BR,Bihar,BR_Saran,Saran,7653,139,7449,65,0,38,28,10,0,,
107,BR,Bihar,BR_Sheikhpura,Sheikhpura,3058,42,3003,13,0,4,-11,15,0,,
108,BR,Bihar,BR_Sheohar,Sheohar,1574,12,1561,1,0,5,3,2,0,,
109,BR,Bihar,BR_Sitamarhi,Sitamarhi,4565,45,4502,18,0,14,11,3,0,,
110,BR,Bihar,BR_Siwan,Siwan,5069,153,4880,36,0,15,12,3,0,,
111,BR,Bihar,BR_Supaul,Supaul,5723,52,5652,19,0,13,10,3,0,,
112,BR,Bihar,BR_Vaishali,Vaishali,5843,113,5678,51,1,14,8,6,0,,
99,BR,Bihar,BR_West Champaran,West Champaran,6277,121,6132,24,0,25,16,9,0,,
113,CH,Chandigarh,CH_Chandigarh,Chandigarh,29448,3105,25956,387,0,324,-6,329,1,,
0,CT,Chhattisgarh,CT_Other State,Other State,501,14,418,69,0,0,0,0,0,,
114,CT,Chhattisgarh,CT_Balod,Balod,11708,1418,10181,109,0,0,0,0,0,,
115,CT,Chhattisgarh,CT_Baloda Bazar,Baloda Bazar,11952,1120,10668,164,0,0,0,0,0,,
116,CT,Chhattisgarh,CT_Balrampur,Balrampur,4195,289,3885,21,0,0,0,0,0,,
117,CT,Chhattisgarh,CT_Bametara,Bametara,7839,2165,5601,73,0,0,0,0,0,,
118,CT,Chhattisgarh,CT_Bastar,Bastar,10011,662,9256,93,0,0,0,0,0,,
119,CT,Chhattisgarh,CT_Bijapur,Bijapur,4187,36,4123,28,0,0,0,0,0,,
120,CT,Chhattisgarh,CT_Bilaspur,Bilaspur,26577,2786,23548,243,0,0,0,0,0,,
121,CT,Chhattisgarh,CT_Dakshin Bastar Dantewada,Dakshin Bastar Dantewada,6304,129,6158,17,0,0,0,0,0,,
122,CT,Chhattisgarh,CT_Dhamtari,Dhamtari,10292,1120,9018,154,0,0,0,0,0,,
123,CT,Chhattisgarh,CT_Durg,Durg,47555,15297,31440,818,0,0,0,0,0,,
124,CT,Chhattisgarh,CT_Gariaband,Gariaband,5655,693,4893,69,0,0,0,0,0,,
125,CT,Chhattisgarh,CT_Janjgir Champa,Janjgir Champa,21897,954,20694,249,0,0,0,0,0,,
126,CT,Chhattisgarh,CT_Jashpur,Jashpur,5808,1038,4728,42,0,0,0,0,0,,
127,CT,Chhattisgarh,CT_Kabeerdham,Kabeerdham,7304,1184,6042,78,0,0,0,0,0,,
128,CT,Chhattisgarh,CT_Kondagaon,Kondagaon,5535,167,5331,37,0,0,0,0,0,,
129,CT,Chhattisgarh,CT_Korba,Korba,19324,1588,17596,140,0,0,0,0,0,,
130,CT,Chhattisgarh,CT_Koriya,Koriya,6600,523,6035,42,0,0,0,0,0,,
131,CT,Chhattisgarh,CT_Mahasamund,Mahasamund,12567,2378,10019,170,0,0,0,0,0,,
132,CT,Chhattisgarh,CT_Mungeli,Mungeli,4739,482,4225,32,0,0,0,0,0,,
133,CT,Chhattisgarh,CT_Narayanpur,Narayanpur,2047,60,1985,2,0,0,0,0,0,,
134,CT,Chhattisgarh,CT_Raigarh,Raigarh,25573,1111,24131,331,0,0,0,0,0,,
135,CT,Chhattisgarh,CT_Raipur,Raipur,79729,14991,63710,1028,0,0,0,0,0,,
136,CT,Chhattisgarh,CT_Rajnandgaon,Rajnandgaon,26488,5423,20857,208,0,0,0,0,0,,
137,CT,Chhattisgarh,CT_Sukma,Sukma,4081,53,4018,10,0,0,0,0,0,,
138,CT,Chhattisgarh,CT_Surajpur,Surajpur,7944,848,7040,56,0,0,0,0,0,,
139,CT,Chhattisgarh,CT_Surguja,Surguja,10575,1217,9253,105,0,0,0,0,0,,
140,CT,Chhattisgarh,CT_Uttar Bastar Kanker,Uttar Bastar Kanker,7726,851,6804,71,0,0,0,0,0,,
766,CT,Chhattisgarh,CT_Gaurela Pendra Marwahi,Gaurela Pendra Marwahi,1866,286,1570,10,0,0,0,0,0,,
144,DL,Delhi,DL_Central Delhi,Central Delhi,184,184,0,0,0,0,0,0,0,District-wise numbers are out-dated as cumulative counts for each district are not reported in bulletin,
145,DL,Delhi,DL_East Delhi,East Delhi,38,38,0,0,0,0,0,0,0,District-wise numbers are out-dated as cumulative counts for each district are not reported in bulletin,
146,DL,Delhi,DL_New Delhi,New Delhi,37,37,0,0,0,0,0,0,0,District-wise numbers are out-dated as cumulative counts for each district are not reported in bulletin,
147,DL,Delhi,DL_North Delhi,North Delhi,60,60,0,0,0,0,0,0,0,District-wise numbers are out-dated as cumulative counts for each district are not reported in bulletin,
148,DL,Delhi,DL_North East Delhi,North East Delhi,25,25,0,0,0,0,0,0,0,District-wise numbers are out-dated as cumulative counts for each district are not reported in bulletin,
149,DL,Delhi,DL_North West Delhi,North West Delhi,32,31,0,1,0,0,0,0,0,District-wise numbers are out-dated as cumulative counts for each district are not reported in bulletin,
150,DL,Delhi,DL_Shahdara,Shahdara,48,48,0,0,0,0,0,0,0,District-wise numbers are out-dated as cumulative counts for each district are not reported in bulletin,
151,DL,Delhi,DL_South Delhi,South Delhi,70,70,0,0,0,0,0,0,0,District-wise numbers are out-dated as cumulative counts for each district are not reported in bulletin,
152,DL,Delhi,DL_South East Delhi,South East Delhi,130,130,0,0,0,0,0,0,0,District-wise numbers are out-dated as cumulative counts for each district are not reported in bulletin,
153,DL,Delhi,DL_South West Delhi,South West Delhi,42,42,0,0,0,0,0,0,0,District-wise numbers are out-dated as cumulative counts for each district are not reported in bulletin,
154,DL,Delhi,DL_West Delhi,West Delhi,122,122,0,0,0,0,0,0,0,District-wise numbers are out-dated as cumulative counts for each district are not reported in bulletin,
0,DN,Dadra and Nagar Haveli and Daman and Diu,DN_Other State,Other State,0,0,0,0,0,0,0,0,0,,
141,DN,Dadra and Nagar Haveli and Daman and Diu,DN_Dadra and Nagar Haveli,Dadra and Nagar Haveli,1916,134,1776,1,5,18,7,11,0,,
142,DN,Dadra and Nagar Haveli and Daman and Diu,DN_Daman,Daman,1575,70,1478,1,26,12,11,1,0,,
143,DN,Dadra and Nagar Haveli and Daman and Diu,DN_Diu,Diu,312,0,312,0,0,0,0,0,0,,
0,GA,Goa,GA_Other State,Other State,200,9,190,1,0,0,0,0,0,District-wise numbers are out-dated as cumulative counts for each district are not reported in bulletin,
155,GA,Goa,GA_North Goa,North Goa,2668,1639,964,65,0,0,0,0,0,District-wise numbers are out-dated as cumulative counts for each district are not reported in bulletin,
156,GA,Goa,GA_South Goa,South Goa,3511,1978,1407,126,0,0,0,0,0,District-wise numbers are out-dated as cumulative counts for each district are not reported in bulletin,
0,GJ,Gujarat,GJ_Other State,Other State,162,0,159,3,0,0,0,0,0,,
157,GJ,Gujarat,GJ_Ahmedabad,Ahmedabad,77634,3305,71940,2389,0,0,0,0,0,,
158,GJ,Gujarat,GJ_Amreli,Amreli,4378,217,4127,34,0,0,0,0,0,,
159,GJ,Gujarat,GJ_Anand,Anand,3232,200,3015,17,0,0,0,0,0,,
160,GJ,Gujarat,GJ_Aravalli,Aravalli,1330,59,1245,26,0,0,0,0,0,,
161,GJ,Gujarat,GJ_Banaskantha,Banaskantha,5013,118,4855,40,0,0,0,0,0,,
162,GJ,Gujarat,GJ_Bharuch,Bharuch,4785,231,4534,20,0,0,0,0,0,,
163,GJ,Gujarat,GJ_Bhavnagar,Bhavnagar,7416,686,6657,73,0,0,0,0,0,,
164,GJ,Gujarat,GJ_Botad,Botad,1135,56,1065,14,0,0,0,0,0,,
165,GJ,Gujarat,GJ_Chhota Udaipur,Chhota Udaipur,1148,61,1084,3,0,0,0,0,0,,
167,GJ,Gujarat,GJ_Dahod,Dahod,3908,228,3673,7,0,0,0,0,0,,
187,GJ,Gujarat,GJ_Dang,Dang,256,51,204,1,0,0,0,0,0,,
166,GJ,Gujarat,GJ_Devbhumi Dwarka,Devbhumi Dwarka,1347,130,1212,5,0,0,0,0,0,,
168,GJ,Gujarat,GJ_Gandhinagar,Gandhinagar,10027,545,9373,109,0,0,0,0,0,,
169,GJ,Gujarat,GJ_Gir Somnath,Gir Somnath,2823,86,2713,24,0,0,0,0,0,,
170,GJ,Gujarat,GJ_Jamnagar,Jamnagar,12127,591,11500,36,0,0,0,0,0,,
171,GJ,Gujarat,GJ_Junagadh,Junagadh,5936,174,5729,33,0,0,0,0,0,,
173,GJ,Gujarat,GJ_Kheda,Kheda,4085,141,3925,19,0,0,0,0,0,,
172,GJ,Gujarat,GJ_Kutch,Kutch,5213,310,4870,33,0,0,0,0,0,,
175,GJ,Gujarat,GJ_Mahisagar,Mahisagar,2622,293,2315,14,0,0,0,0,0,,
174,GJ,Gujarat,GJ_Mehsana,Mehsana,7945,458,7448,39,0,0,0,0,0,,
176,GJ,Gujarat,GJ_Morbi,Morbi,3816,283,3514,19,0,0,0,0,0,,
177,GJ,Gujarat,GJ_Narmada,Narmada,2657,100,2556,1,0,0,0,0,0,,
178,GJ,Gujarat,GJ_Navsari,Navsari,1878,106,1764,8,0,0,0,0,0,,
179,GJ,Gujarat,GJ_Panchmahal,Panchmahal,4988,179,4784,25,0,0,0,0,0,,
180,GJ,Gujarat,GJ_Patan,Patan,5041,494,4494,53,0,0,0,0,0,,
181,GJ,Gujarat,GJ_Porbandar,Porbandar,768,6,758,4,0,0,0,0,0,,
182,GJ,Gujarat,GJ_Rajkot,Rajkot,29168,2146,26809,213,0,0,0,0,0,,
183,GJ,Gujarat,GJ_Sabarkantha,Sabarkantha,3573,131,3429,13,0,0,0,0,0,,
184,GJ,Gujarat,GJ_Surat,Surat,70278,4091,65128,1059,0,0,0,0,0,,
185,GJ,Gujarat,GJ_Surendranagar,Surendranagar,3813,133,3666,14,0,0,0,0,0,,
186,GJ,Gujarat,GJ_Tapi,Tapi,1237,59,1170,8,0,0,0,0,0,,
188,GJ,Gujarat,GJ_Vadodara,Vadodara,37029,2855,33919,255,0,0,0,0,0,,
189,GJ,Gujarat,GJ_Valsad,Valsad,1685,161,1515,9,0,0,0,0,0,,
212,HP,Himachal Pradesh,HP_Bilaspur,Bilaspur,3553,294,3230,28,1,23,-14,37,0,,
213,HP,Himachal Pradesh,HP_Chamba,Chamba,3273,158,2961,54,100,17,8,8,1,One death of COVID-19 positive patient has occured due to non-covid reasons,
214,HP,Himachal Pradesh,HP_Hamirpur,Hamirpur,3867,436,3377,53,1,68,49,19,0,,
215,HP,Himachal Pradesh,HP_Kangra,Kangra,10372,968,9164,238,2,109,64,43,2,Death of Tibetan refugee on March 22 included in Kangra district's tally,
216,HP,Himachal Pradesh,HP_Kinnaur,Kinnaur,1407,7,1384,16,0,1,-2,3,0,,
217,HP,Himachal Pradesh,HP_Kullu,Kullu,4684,148,4441,86,9,40,32,8,0,,
218,HP,Himachal Pradesh,HP_Lahaul and Spiti,Lahaul and Spiti,1262,3,1247,12,0,0,0,0,0,,
219,HP,Himachal Pradesh,HP_Mandi,Mandi,10806,302,10370,134,0,56,26,30,0,,
220,HP,Himachal Pradesh,HP_Shimla,Shimla,11375,497,10598,276,4,87,72,15,0,One death of COVID-19 positive patient has occured due to non-covid reasons,
221,HP,Himachal Pradesh,HP_Sirmaur,Sirmaur,4197,230,3929,38,0,56,51,5,0,,
222,HP,Himachal Pradesh,HP_Solan,Solan,8097,832,7189,76,0,81,26,55,0,,
223,HP,Himachal Pradesh,HP_Una,Una,4618,638,3907,72,1,83,43,37,3,,
0,HR,Haryana,HR_Foreign Evacuees,Foreign Evacuees,0,0,0,0,0,0,0,0,0,,
190,HR,Haryana,HR_Ambala,Ambala,15214,1423,13622,169,0,199,91,106,2,,
191,HR,Haryana,HR_Bhiwani,Bhiwani,6577,153,6276,148,0,37,36,1,0,,
192,HR,Haryana,HR_Charkhi Dadri,Charkhi Dadri,1594,54,1514,26,0,9,9,0,0,,
193,HR,Haryana,HR_Faridabad,Faridabad,49333,1506,47402,425,0,378,270,108,0,,
194,HR,Haryana,HR_Fatehabad,Fatehabad,5392,298,4965,129,0,60,54,5,1,,
195,HR,Haryana,HR_Gurugram,Gurugram,67504,4454,62682,368,0,741,550,191,0,,
196,HR,Haryana,HR_Hisar,Hisar,17868,429,17100,339,0,117,111,5,1,,
0,HR,Haryana,HR_Italians,Italians,0,0,0,0,0,0,0,0,0,,
197,HR,Haryana,HR_Jhajjar,Jhajjar,6335,272,5960,103,0,53,31,21,1,,
198,HR,Haryana,HR_Jind,Jind,6061,553,5406,102,0,67,37,29,1,,
199,HR,Haryana,HR_Kaithal,Kaithal,4976,289,4613,74,0,76,-5,80,1,,
200,HR,Haryana,HR_Karnal,Karnal,16231,2045,14011,175,0,284,250,34,0,,
201,HR,Haryana,HR_Kurukshetra,Kurukshetra,12171,1281,10736,154,0,186,160,25,1,,
202,HR,Haryana,HR_Mahendragarh,Mahendragarh,6694,41,6632,21,0,5,5,0,0,,
203,HR,Haryana,HR_Nuh,Nuh,1733,8,1695,30,0,2,2,0,0,,
204,HR,Haryana,HR_Palwal,Palwal,4506,40,4431,35,0,2,2,0,0,,
205,HR,Haryana,HR_Panchkula,Panchkula,14292,1169,12969,154,0,239,-17,256,0,,
206,HR,Haryana,HR_Panipat,Panipat,12319,753,11401,165,0,75,62,13,0,,
207,HR,Haryana,HR_Rewari,Rewari,11537,105,11356,76,0,29,29,0,0,,
208,HR,Haryana,HR_Rohtak,Rohtak,12974,421,12398,155,0,16,-32,48,0,,
209,HR,Haryana,HR_Sirsa,Sirsa,8734,365,8249,120,0,71,57,14,0,,
210,HR,Haryana,HR_Sonipat,Sonipat,16098,692,15318,88,0,89,83,6,0,,
211,HR,Haryana,HR_Yamunanagar,Yamunanagar,9367,778,8415,174,0,137,107,27,3,,
246,JH,Jharkhand,JH_Bokaro,Bokaro,7191,272,6849,70,0,0,0,0,0,,
247,JH,Jharkhand,JH_Chatra,Chatra,1474,37,1424,13,0,0,0,0,0,,
248,JH,Jharkhand,JH_Deoghar,Deoghar,3928,192,3711,25,0,0,0,0,0,,
249,JH,Jharkhand,JH_Dhanbad,Dhanbad,8230,271,7837,122,0,0,0,0,0,,
250,JH,Jharkhand,JH_Dumka,Dumka,1727,290,1420,17,0,0,0,0,0,,
264,JH,Jharkhand,JH_East Singhbhum,East Singhbhum,19993,913,18720,360,0,0,0,0,0,,
251,JH,Jharkhand,JH_Garhwa,Garhwa,2876,41,2821,14,0,0,0,0,0,,
252,JH,Jharkhand,JH_Giridih,Giridih,3494,36,3443,15,0,0,0,0,0,,
253,JH,Jharkhand,JH_Godda,Godda,2266,121,2135,10,0,0,0,0,0,,
254,JH,Jharkhand,JH_Gumla,Gumla,2596,157,2430,9,0,0,0,0,0,,
255,JH,Jharkhand,JH_Hazaribagh,Hazaribagh,4628,148,4442,38,0,0,0,0,0,,
256,JH,Jharkhand,JH_Jamtara,Jamtara,1433,150,1279,4,0,0,0,0,0,,
257,JH,Jharkhand,JH_Khunti,Khunti,2261,89,2165,7,0,0,0,0,0,,
258,JH,Jharkhand,JH_Koderma,Koderma,3702,196,3477,29,0,0,0,0,0,,
259,JH,Jharkhand,JH_Latehar,Latehar,2078,94,1977,7,0,0,0,0,0,,
260,JH,Jharkhand,JH_Lohardaga,Lohardaga,1899,86,1802,11,0,0,0,0,0,,
261,JH,Jharkhand,JH_Pakur,Pakur,1050,109,939,2,0,0,0,0,0,,
262,JH,Jharkhand,JH_Palamu,Palamu,3667,24,3619,24,0,0,0,0,0,,
265,JH,Jharkhand,JH_Ramgarh,Ramgarh,4778,172,4578,28,0,0,0,0,0,,
266,JH,Jharkhand,JH_Ranchi,Ranchi,38795,4108,34411,276,0,0,0,0,0,,
267,JH,Jharkhand,JH_Sahibganj,Sahibganj,1924,157,1755,12,0,0,0,0,0,,
268,JH,Jharkhand,JH_Saraikela-Kharsawan,Saraikela-Kharsawan,3750,29,3709,12,0,0,0,0,0,,
269,JH,Jharkhand,JH_Simdega,Simdega,2166,69,2090,7,0,0,0,0,0,,
263,JH,Jharkhand,JH_West Singhbhum,West Singhbhum,5002,111,4852,39,0,0,0,0,0,,
224,JK,Jammu and Kashmir,JK_Anantnag,Anantnag,5305,136,5073,96,0,22,17,5,0,,
226,JK,Jammu and Kashmir,JK_Bandipora,Bandipora,4859,109,4687,63,0,18,15,3,0,,
227,JK,Jammu and Kashmir,JK_Baramulla,Baramulla,9436,701,8553,182,0,74,36,37,1,,
225,JK,Jammu and Kashmir,JK_Budgam,Budgam,8517,355,8040,122,0,24,-6,30,0,,
228,JK,Jammu and Kashmir,JK_Doda,Doda,3482,26,3392,64,0,4,3,1,0,,
229,JK,Jammu and Kashmir,JK_Ganderbal,Ganderbal,4780,70,4661,49,0,7,0,7,0,,
230,JK,Jammu and Kashmir,JK_Jammu,Jammu,26678,1015,25277,386,0,148,141,7,0,,
231,JK,Jammu and Kashmir,JK_Kathua,Kathua,3464,115,3296,53,0,20,6,14,0,,
232,JK,Jammu and Kashmir,JK_Kishtwar,Kishtwar,2770,14,2734,22,0,4,4,0,0,,
233,JK,Jammu and Kashmir,JK_Kulgam,Kulgam,2988,213,2719,56,0,18,15,3,0,,
234,JK,Jammu and Kashmir,JK_Kupwara,Kupwara,5937,144,5696,97,0,31,31,0,0,,
235,JK,Jammu and Kashmir,JK_Mirpur,Mirpur,0,0,0,0,0,0,0,0,0,,
236,JK,Jammu and Kashmir,JK_Muzaffarabad,Muzaffarabad,0,0,0,0,0,0,0,0,0,,
237,JK,Jammu and Kashmir,JK_Pulwama,Pulwama,6058,129,5837,92,0,8,8,0,0,,
238,JK,Jammu and Kashmir,JK_Punch,Punch,2570,33,2511,26,0,3,3,0,0,,
239,JK,Jammu and Kashmir,JK_Rajouri,Rajouri,3937,50,3831,56,0,9,9,0,0,,
240,JK,Jammu and Kashmir,JK_Ramban,Ramban,2171,29,2119,23,0,2,2,0,0,,
241,JK,Jammu and Kashmir,JK_Reasi,Reasi,1810,150,1644,16,0,47,47,0,0,,
242,JK,Jammu and Kashmir,JK_Samba,Samba,2908,59,2808,41,0,8,8,0,0,,
243,JK,Jammu and Kashmir,JK_Shopiyan,Shopiyan,2691,51,2600,40,0,4,4,0,0,,
244,JK,Jammu and Kashmir,JK_Srinagar,Srinagar,30758,2027,28254,477,0,349,210,139,0,,
245,JK,Jammu and Kashmir,JK_Udhampur,Udhampur,4543,197,4288,58,0,35,35,0,0,,
270,KA,Karnataka,KA_Bagalkote,Bagalkote,14046,146,13764,136,0,21,17,4,0,,
271,KA,Karnataka,KA_Ballari,Ballari,40308,588,39119,601,0,126,99,27,0,,
272,KA,Karnataka,KA_Belagavi,Belagavi,27834,476,27013,345,0,92,78,13,1,,
274,KA,Karnataka,KA_Bengaluru Rural,Bengaluru Rural,20163,786,19209,168,0,54,-29,81,2,,
273,KA,Karnataka,KA_Bengaluru Urban,Bengaluru Urban,464438,38946,420751,4740,1,4422,3157,1243,22,,
275,KA,Karnataka,KA_Bidar,Bidar,10490,1577,8721,188,4,129,-70,198,1,,
276,KA,Karnataka,KA_Chamarajanagara,Chamarajanagara,7271,176,6964,120,11,56,37,19,0,,
277,KA,Karnataka,KA_Chikkaballapura,Chikkaballapura,14171,119,13933,118,1,23,5,18,0,,
278,KA,Karnataka,KA_Chikkamagaluru,Chikkamagaluru,14541,315,14085,141,0,40,25,15,0,,
279,KA,Karnataka,KA_Chitradurga,Chitradurga,15339,117,15153,69,0,24,5,19,0,,
280,KA,Karnataka,KA_Dakshina Kannada,Dakshina Kannada,36400,808,34849,741,2,145,90,55,0,,
281,KA,Karnataka,KA_Davanagere,Davanagere,22799,186,22349,264,0,28,6,22,0,,
282,KA,Karnataka,KA_Dharwad,Dharwad,23519,534,22351,634,0,96,42,53,1,,
283,KA,Karnataka,KA_Gadag,Gadag,11300,96,11063,141,0,14,3,11,0,,
284,KA,Karnataka,KA_Hassan,Hassan,30185,826,28951,408,0,94,60,34,0,,
285,KA,Karnataka,KA_Haveri,Haveri,11111,59,10861,191,0,15,13,2,0,,
286,KA,Karnataka,KA_Kalaburagi,Kalaburagi,25426,1637,23431,358,0,240,81,156,3,,
287,KA,Karnataka,KA_Kodagu,Kodagu,6474,114,6287,73,0,19,8,11,0,,
288,KA,Karnataka,KA_Kolar,Kolar,10920,280,10458,182,0,66,37,28,1,,
289,KA,Karnataka,KA_Koppal,Koppal,14222,186,13756,280,0,27,23,4,0,,
290,KA,Karnataka,KA_Mandya,Mandya,20709,445,20102,162,0,29,-31,58,2,,
291,KA,Karnataka,KA_Mysuru,Mysuru,57385,1576,54739,1070,0,216,123,92,1,,
0,KA,Karnataka,KA_Other State,Other State,36,0,33,3,0,0,0,0,0,,
292,KA,Karnataka,KA_Raichur,Raichur,14683,244,14281,158,0,40,33,7,0,,
293,KA,Karnataka,KA_Ramanagara,Ramanagara,7607,101,7429,77,0,10,2,8,0,,
294,KA,Karnataka,KA_Shivamogga,Shivamogga,23105,374,22381,350,0,70,65,5,0,,
295,KA,Karnataka,KA_Tumakuru,Tumakuru,28181,1429,26347,405,0,183,116,66,1,,
296,KA,Karnataka,KA_Udupi,Udupi,25783,391,25200,192,0,63,-27,90,0,,
297,KA,Karnataka,KA_Uttara Kannada,Uttara Kannada,15432,453,14799,180,0,142,113,29,0,,
298,KA,Karnataka,KA_Vijayapura,Vijayapura,15292,247,14835,210,0,60,42,17,1,,
299,KA,Karnataka,KA_Yadgir,Yadgir,10960,163,10735,62,0,26,18,8,0,,
0,KL,Kerala,KL_Other State,Other State,0,0,0,0,0,0,0,0,0,,
300,KL,Kerala,KL_Alappuzha,Alappuzha,83009,851,81715,417,26,241,120,119,2,,
301,KL,Kerala,KL_Ernakulam,Ernakulam,133634,3869,129269,465,31,654,514,137,3,,
302,KL,Kerala,KL_Idukki,Idukki,30146,2199,27893,49,5,125,86,39,0,,
303,KL,Kerala,KL_Kannur,Kannur,61987,4443,57176,335,33,334,105,227,2,,
304,KL,Kerala,KL_Kasaragod,Kasaragod,33579,2975,30480,116,8,234,86,148,0,,
305,KL,Kerala,KL_Kollam,Kollam,94016,896,92747,350,23,279,72,206,1,,
306,KL,Kerala,KL_Kottayam,Kottayam,86252,2234,83785,223,10,324,156,165,3,,
307,KL,Kerala,KL_Kozhikode,Kozhikode,132115,3528,128032,526,29,453,59,391,3,,
308,KL,Kerala,KL_Malappuram,Malappuram,125112,1597,123041,454,20,359,110,249,0,,
309,KL,Kerala,KL_Palakkad,Palakkad,62930,2779,59962,179,10,190,130,60,0,,
310,KL,Kerala,KL_Pathanamthitta,Pathanamthitta,61164,2103,58920,133,8,147,63,82,2,,
311,KL,Kerala,KL_Thiruvananthapuram,Thiruvananthapuram,109723,2571,106175,885,92,444,301,143,0,,
312,KL,Kerala,KL_Thrissur,Thrissur,106099,2157,103422,502,18,393,189,202,2,,
313,KL,Kerala,KL_Wayanad,Wayanad,29182,1417,27666,95,4,176,139,37,0,,
314,LA,Ladakh,LA_Kargil,Kargil,2179,38,2097,44,0,0,0,0,0,,
315,LA,Ladakh,LA_Leh,Leh,8233,408,7739,86,0,0,0,0,0,,
316,LD,Lakshadweep,LD_Lakshadweep,Lakshadweep,756,64,686,1,5,0,0,0,0,,
369,MH,Maharashtra,MH_Ahmednagar,Ahmednagar,105928,18609,86064,1254,1,0,0,0,0,,
370,MH,Maharashtra,MH_Akola,Akola,30692,3372,26836,480,4,0,0,0,0,,
371,MH,Maharashtra,MH_Amravati,Amravati,50866,3673,46521,670,2,0,0,0,0,,
372,MH,Maharashtra,MH_Aurangabad,Aurangabad,93792,18621,73712,1445,14,0,0,0,0,,
374,MH,Maharashtra,MH_Beed,Beed,29639,4946,24020,664,9,0,0,0,0,,
373,MH,Maharashtra,MH_Bhandara,Bhandara,23791,7130,16334,324,3,0,0,0,0,,
375,MH,Maharashtra,MH_Buldhana,Buldhana,34737,8936,25497,299,5,0,0,0,0,,
376,MH,Maharashtra,MH_Chandrapur,Chandrapur,31897,3670,27769,456,2,0,0,0,0,,
377,MH,Maharashtra,MH_Dhule,Dhule,29699,7349,21957,389,4,0,0,0,0,,
378,MH,Maharashtra,MH_Gadchiroli,Gadchiroli,10709,727,9861,113,8,0,0,0,0,,
379,MH,Maharashtra,MH_Gondia,Gondia,18140,2584,15365,185,6,0,0,0,0,,
380,MH,Maharashtra,MH_Hingoli,Hingoli,8122,1539,6466,117,0,0,0,0,0,,
381,MH,Maharashtra,MH_Jalgaon,Jalgaon,93567,8061,83855,1625,26,0,0,0,0,,
382,MH,Maharashtra,MH_Jalna,Jalna,27351,2786,24106,458,1,0,0,0,0,,
383,MH,Maharashtra,MH_Kolhapur,Kolhapur,52534,1442,49390,1699,3,0,0,0,0,,
384,MH,Maharashtra,MH_Latur,Latur,38655,8780,29089,782,4,0,0,0,0,,
385,MH,Maharashtra,MH_Mumbai,Mumbai,483042,83185,386992,11856,1009,0,0,0,0,"[Sep 9]After reconciling COVID-19 cases in Mumbai, owing to the removal of duplicates and change of addresses as per the original residence, 239 cases have been removed from the progressive figures.",
386,MH,Maharashtra,MH_Mumbai Suburban,Mumbai Suburban,0,0,0,0,0,0,0,0,0,,
387,MH,Maharashtra,MH_Nagpur,Nagpur,259341,59595,195543,4157,46,0,0,0,0,District administration provides number of persons tested instead of the number of samples tested.,
388,MH,Maharashtra,MH_Nanded,Nanded,52061,11309,39783,963,6,0,0,0,0,Number of active cases differs in the state bulletin and district bulletin. We follow the state bulletin.,
389,MH,Maharashtra,MH_Nandurbar,Nandurbar,22483,6643,15508,331,1,0,0,0,0,,
390,MH,Maharashtra,MH_Nashik,Nashik,205963,33575,170034,2353,1,0,0,0,0,Number of active cases differs in the state bulletin and district bulletin. We follow the state bulletin.,
391,MH,Maharashtra,MH_Osmanabad,Osmanabad,23704,3296,19780,611,17,0,0,0,0,,
0,MH,Maharashtra,MH_Other State,Other State,146,43,0,101,2,0,0,0,0,,
392,MH,Maharashtra,MH_Palghar,Palghar,59300,5713,52519,1058,10,0,0,0,0,,
393,MH,Maharashtra,MH_Parbhani,Parbhani,17713,7309,10020,373,11,0,0,0,0,,
394,MH,Maharashtra,MH_Pune,Pune,607032,90048,508448,8486,50,0,0,0,0,Number of active cases differs in the state bulletin and district bulletin. We follow the state bulletin.,
395,MH,Maharashtra,MH_Raigad,Raigad,87402,7205,78482,1713,2,0,0,0,0,Number of active cases differs in the state bulletin and district bulletin. We follow the state bulletin.,
396,MH,Maharashtra,MH_Ratnagiri,Ratnagiri,13591,863,12297,429,2,0,0,0,0,,
397,MH,Maharashtra,MH_Sangli,Sangli,56927,3359,51720,1846,2,0,0,0,0,,
398,MH,Maharashtra,MH_Satara,Satara,70071,5912,62246,1904,9,0,0,0,0,,
399,MH,Maharashtra,MH_Sindhudurg,Sindhudurg,7830,821,6813,196,0,0,0,0,0,,
400,MH,Maharashtra,MH_Solapur,Solapur,72855,7161,63675,1967,52,0,0,0,0,,
401,MH,Maharashtra,MH_Thane,Thane,381254,65431,309611,6181,31,0,0,0,0,,
402,MH,Maharashtra,MH_Wardha,Wardha,24113,2732,20913,395,73,0,0,0,0,,
403,MH,Maharashtra,MH_Washim,Washim,17973,2035,15738,197,3,0,0,0,0,,
404,MH,Maharashtra,MH_Yavatmal,Yavatmal,30341,3099,26663,575,4,0,0,0,0,,
421,ML,Meghalaya,ML_East Garo Hills,East Garo Hills,339,0,338,1,0,0,0,0,0,,
422,ML,Meghalaya,ML_East Jaintia Hills,East Jaintia Hills,555,3,552,0,0,2,2,0,0,,
423,ML,Meghalaya,ML_East Khasi Hills,East Khasi Hills,8821,90,8606,125,0,20,19,0,1,,
424,ML,Meghalaya,ML_North Garo Hills,North Garo Hills,120,0,118,2,0,0,0,0,0,,
425,ML,Meghalaya,ML_Ribhoi,Ribhoi,1406,11,1393,2,0,1,1,0,0,,
426,ML,Meghalaya,ML_South Garo Hills,South Garo Hills,198,0,198,0,0,0,0,0,0,,
427,ML,Meghalaya,ML_South West Garo Hills,South West Garo Hills,200,0,198,2,0,0,0,0,0,,
428,ML,Meghalaya,ML_South West Khasi Hills,South West Khasi Hills,57,0,57,0,0,0,0,0,0,,
429,ML,Meghalaya,ML_West Garo Hills,West Garo Hills,1744,24,1703,17,0,0,-1,1,0,,
430,ML,Meghalaya,ML_West Jaintia Hills,West Jaintia Hills,543,1,541,1,0,1,1,0,0,,
431,ML,Meghalaya,ML_West Khasi Hills,West Khasi Hills,182,2,179,1,0,1,1,0,0,,
0,MN,Manipur,MN_CAPF Personnel,CAPF Personnel,2673,1256,1415,2,0,0,0,0,0,,
405,MN,Manipur,MN_Bishnupur,Bishnupur,1346,1263,58,25,0,4,3,0,1,,
406,MN,Manipur,MN_Chandel,Chandel,379,366,4,9,0,0,0,0,0,,
407,MN,Manipur,MN_Churachandpur,Churachandpur,1529,1442,58,29,0,1,1,0,0,,
408,MN,Manipur,MN_Imphal East,Imphal East,5728,5501,150,77,0,3,3,0,0,,
409,MN,Manipur,MN_Imphal West,Imphal West,8941,8787,52,102,0,3,3,0,0,,
410,MN,Manipur,MN_Jiribam,Jiribam,271,269,2,0,0,4,4,0,0,,
411,MN,Manipur,MN_Kakching,Kakching,830,795,27,8,0,0,0,0,0,,
412,MN,Manipur,MN_Kamjong,Kamjong,253,236,17,0,0,0,0,0,0,,
413,MN,Manipur,MN_Kangpokpi,Kangpokpi,626,597,19,10,0,0,0,0,0,,
414,MN,Manipur,MN_Noney,Noney,335,316,18,1,0,0,0,0,0,,
415,MN,Manipur,MN_Pherzawl,Pherzawl,37,22,15,0,0,0,0,0,0,,
416,MN,Manipur,MN_Senapati,Senapati,508,486,21,1,0,0,0,0,0,,
417,MN,Manipur,MN_Tamenglong,Tamenglong,1400,1362,32,6,0,0,0,0,0,,
418,MN,Manipur,MN_Tengnoupal,Tengnoupal,290,276,13,1,0,0,0,0,0,,
419,MN,Manipur,MN_Thoubal,Thoubal,2351,2288,23,40,0,0,0,0,0,,
420,MN,Manipur,MN_Ukhrul,Ukhrul,545,524,18,3,0,0,0,0,0,,
317,MP,Madhya Pradesh,MP_Agar Malwa,Agar Malwa,863,124,728,11,0,22,14,7,1,,
318,MP,Madhya Pradesh,MP_Alirajpur,Alirajpur,1597,150,1431,16,0,18,6,12,0,,
319,MP,Madhya Pradesh,MP_Anuppur,Anuppur,2423,155,2252,16,0,37,13,24,0,,
320,MP,Madhya Pradesh,MP_Ashoknagar,Ashoknagar,1295,100,1178,17,0,25,12,13,0,,
321,MP,Madhya Pradesh,MP_Balaghat,Balaghat,3715,276,3420,19,0,76,75,0,1,,
322,MP,Madhya Pradesh,MP_Barwani,Barwani,4033,623,3377,33,0,104,46,57,1,,
323,MP,Madhya Pradesh,MP_Betul,Betul,5243,587,4570,86,0,83,13,69,1,,
324,MP,Madhya Pradesh,MP_Bhind,Bhind,1583,44,1529,10,0,9,1,8,0,,
325,MP,Madhya Pradesh,MP_Bhopal,Bhopal,55912,4839,50430,643,0,657,152,503,2,,
326,MP,Madhya Pradesh,MP_Burhanpur,Burhanpur,1569,184,1354,31,0,16,9,6,1,,
327,MP,Madhya Pradesh,MP_Chhatarpur,Chhatarpur,2261,97,2131,33,0,19,8,11,0,,
328,MP,Madhya Pradesh,MP_Chhindwara,Chhindwara,4229,551,3611,67,0,72,45,25,2,,
329,MP,Madhya Pradesh,MP_Damoh,Damoh,3265,222,2949,94,0,23,23,0,0,,
330,MP,Madhya Pradesh,MP_Datia,Datia,2121,125,1976,20,0,19,1,18,0,,
331,MP,Madhya Pradesh,MP_Dewas,Dewas,3537,219,3289,29,0,30,3,27,0,,
332,MP,Madhya Pradesh,MP_Dhar,Dhar,4859,273,4523,63,0,52,5,46,1,,
333,MP,Madhya Pradesh,MP_Dindori,Dindori,1260,144,1115,1,0,26,22,4,0,,
335,MP,Madhya Pradesh,MP_Guna,Guna,1954,232,1695,27,0,34,17,17,0,,
336,MP,Madhya Pradesh,MP_Gwalior,Gwalior,18709,1268,17200,241,0,225,164,59,2,,
337,MP,Madhya Pradesh,MP_Harda,Harda,2365,97,2231,37,0,24,14,10,0,,
338,MP,Madhya Pradesh,MP_Hoshangabad,Hoshangabad,4264,172,4029,63,0,29,9,19,1,,
339,MP,Madhya Pradesh,MP_Indore,Indore,75793,6563,68245,985,0,898,282,612,4,,
340,MP,Madhya Pradesh,MP_Jabalpur,Jabalpur,20849,1841,18731,277,0,298,114,182,2,,
341,MP,Madhya Pradesh,MP_Jhabua,Jhabua,3163,257,2879,27,0,68,18,50,0,,
342,MP,Madhya Pradesh,MP_Katni,Katni,3039,582,2436,21,0,166,149,17,0,,
334,MP,Madhya Pradesh,MP_Khandwa,Khandwa,3035,195,2773,67,0,32,5,27,0,,
368,MP,Madhya Pradesh,MP_Khargone,Khargone,7041,565,6353,123,0,87,20,66,1,,
343,MP,Madhya Pradesh,MP_Mandla,Mandla,1480,135,1333,12,0,27,24,3,0,,
344,MP,Madhya Pradesh,MP_Mandsaur,Mandsaur,3450,252,3161,37,0,31,11,20,0,,
345,MP,Madhya Pradesh,MP_Morena,Morena,3376,82,3265,29,0,18,16,2,0,,
346,MP,Madhya Pradesh,MP_Narsinghpur,Narsinghpur,4322,423,3867,32,0,52,26,26,0,,
347,MP,Madhya Pradesh,MP_Neemuch,Neemuch,3547,272,3237,38,0,27,8,19,0,,
348,MP,Madhya Pradesh,MP_Niwari,Niwari,798,92,702,4,0,14,11,3,0,,
0,MP,Madhya Pradesh,MP_Other Region,Other Region,0,0,0,0,0,0,0,0,0,,
349,MP,Madhya Pradesh,MP_Panna,Panna,1437,172,1260,5,0,45,44,1,0,,
350,MP,Madhya Pradesh,MP_Raisen,Raisen,3004,290,2666,48,0,51,37,14,0,,
351,MP,Madhya Pradesh,MP_Rajgarh,Rajgarh,2933,279,2582,72,0,37,7,30,0,,
352,MP,Madhya Pradesh,MP_Ratlam,Ratlam,6509,765,5639,105,0,109,64,43,2,,
353,MP,Madhya Pradesh,MP_Rewa,Rewa,4735,333,4365,37,0,53,33,19,1,,
354,MP,Madhya Pradesh,MP_Sagar,Sagar,6523,418,5950,155,0,48,13,35,0,,
355,MP,Madhya Pradesh,MP_Satna,Satna,3976,209,3723,44,0,64,42,22,0,,
356,MP,Madhya Pradesh,MP_Sehore,Sehore,3385,343,2994,48,0,47,11,36,0,,
357,MP,Madhya Pradesh,MP_Seoni,Seoni,2126,298,1818,10,0,75,53,22,0,,
358,MP,Madhya Pradesh,MP_Shahdol,Shahdol,3519,290,3199,30,0,62,44,18,0,,
359,MP,Madhya Pradesh,MP_Shajapur,Shajapur,2467,400,2039,28,0,67,41,25,1,,
360,MP,Madhya Pradesh,MP_Sheopur,Sheopur,1657,48,1592,17,0,4,4,0,0,,
361,MP,Madhya Pradesh,MP_Shivpuri,Shivpuri,4119,314,3775,30,0,76,66,10,0,,
362,MP,Madhya Pradesh,MP_Sidhi,Sidhi,2295,65,2217,13,0,16,15,1,0,,
363,MP,Madhya Pradesh,MP_Singrauli,Singrauli,2198,159,2013,26,0,30,26,4,0,,
364,MP,Madhya Pradesh,MP_Tikamgarh,Tikamgarh,1563,189,1347,27,0,32,24,8,0,,
365,MP,Madhya Pradesh,MP_Ujjain,Ujjain,6819,1056,5648,115,0,94,80,12,2,,
366,MP,Madhya Pradesh,MP_Umaria,Umaria,1708,300,1387,21,0,36,36,0,0,,
367,MP,Madhya Pradesh,MP_Vidisha,Vidisha,4415,391,3951,73,0,60,25,34,1,,
432,MZ,Mizoram,MZ_Aizawl,Aizawl,2976,45,2921,10,0,13,10,3,0,,
433,MZ,Mizoram,MZ_Champhai,Champhai,104,2,102,0,0,0,0,0,0,,
729,MZ,Mizoram,MZ_Hnahthial,Hnahthial,23,3,20,0,0,0,0,0,0,,
730,MZ,Mizoram,MZ_Khawzawl,Khawzawl,23,0,23,0,0,0,0,0,0,,
434,MZ,Mizoram,MZ_Kolasib,Kolasib,301,6,295,0,0,0,0,0,0,,
435,MZ,Mizoram,MZ_Lawngtlai,Lawngtlai,340,0,340,0,0,0,0,0,0,,
436,MZ,Mizoram,MZ_Lunglei,Lunglei,418,0,418,0,0,0,0,0,0,,
437,MZ,Mizoram,MZ_Mamit,Mamit,85,1,84,0,0,1,1,0,0,,
438,MZ,Mizoram,MZ_Saiha,Saiha,39,0,39,0,0,0,0,0,0,,
728,MZ,Mizoram,MZ_Saitual,Saitual,33,0,33,0,0,0,0,0,0,,
439,MZ,Mizoram,MZ_Serchhip,Serchhip,180,0,179,1,0,0,0,0,0,,
0,NL,Nagaland,NL_Others,Others,0,0,0,0,0,0,0,0,0,,
440,NL,Nagaland,NL_Dimapur,Dimapur,6501,19,6343,62,77,5,5,0,0,,
441,NL,Nagaland,NL_Kiphire,Kiphire,41,0,40,1,0,0,0,0,0,,
442,NL,Nagaland,NL_Kohima,Kohima,4035,126,3840,21,48,0,0,0,0,,
443,NL,Nagaland,NL_Longleng,Longleng,19,0,10,0,9,0,0,0,0,,
444,NL,Nagaland,NL_Mokokchung,Mokokchung,195,0,184,3,8,0,0,0,0,,
445,NL,Nagaland,NL_Mon,Mon,605,0,594,2,9,0,0,0,0,,
446,NL,Nagaland,NL_Peren,Peren,507,0,506,0,1,0,0,0,0,,
447,NL,Nagaland,NL_Phek,Phek,47,0,47,0,0,0,0,0,0,,
448,NL,Nagaland,NL_Tuensang,Tuensang,250,2,246,1,1,0,0,0,0,,
449,NL,Nagaland,NL_Wokha,Wokha,39,1,35,1,2,0,0,0,0,,
450,NL,Nagaland,NL_Zunheboto,Zunheboto,142,0,139,0,3,0,0,0,0,,
0,OR,Odisha,OR_State Pool,State Pool,8692,173,8519,0,0,32,26,6,0,,
0,OR,Odisha,OR_Others,Others,0,0,0,0,0,0,0,0,0,,
451,OR,Odisha,OR_Angul,Angul,11737,159,11541,37,0,20,11,9,0,,
452,OR,Odisha,OR_Balangir,Balangir,9104,132,8930,42,0,26,21,5,0,,
453,OR,Odisha,OR_Balasore,Balasore,12654,99,12454,101,0,22,16,6,0,,
454,OR,Odisha,OR_Bargarh,Bargarh,11135,274,10819,42,0,53,19,34,0,,
456,OR,Odisha,OR_Bhadrak,Bhadrak,7606,69,7508,29,0,17,17,0,0,,
455,OR,Odisha,OR_Boudh,Boudh,2830,4,2815,11,0,1,1,0,0,,
457,OR,Odisha,OR_Cuttack,Cuttack,29778,268,29364,146,0,50,34,16,0,,
458,OR,Odisha,OR_Deogarh,Deogarh,1412,8,1399,5,0,1,1,0,0,,
459,OR,Odisha,OR_Dhenkanal,Dhenkanal,5755,16,5710,29,0,0,-3,3,0,,
460,OR,Odisha,OR_Gajapati,Gajapati,4099,11,4055,33,0,1,1,0,0,,
461,OR,Odisha,OR_Ganjam,Ganjam,22079,79,21744,256,0,31,24,7,0,,
462,OR,Odisha,OR_Jagatsinghpur,Jagatsinghpur,9220,23,9159,38,0,2,1,1,0,,
463,OR,Odisha,OR_Jajpur,Jajpur,12537,93,12418,26,0,15,10,5,0,,
464,OR,Odisha,OR_Jharsuguda,Jharsuguda,8190,184,7980,26,0,23,21,2,0,,
465,OR,Odisha,OR_Kalahandi,Kalahandi,6887,398,6456,33,0,43,21,22,0,,
466,OR,Odisha,OR_Kandhamal,Kandhamal,5980,23,5924,33,0,5,5,0,0,,
467,OR,Odisha,OR_Kendrapara,Kendrapara,9196,21,9146,29,0,9,9,0,0,,
468,OR,Odisha,OR_Kendujhar,Kendujhar,8150,79,8033,38,0,25,22,3,0,,
469,OR,Odisha,OR_Khordha,Khordha,54461,730,53380,351,0,144,118,26,0,,
470,OR,Odisha,OR_Koraput,Koraput,7966,47,7903,16,0,5,5,0,0,,
471,OR,Odisha,OR_Malkangiri,Malkangiri,5250,4,5218,28,0,0,0,0,0,,
472,OR,Odisha,OR_Mayurbhanj,Mayurbhanj,14549,124,14332,93,0,29,22,7,0,,
473,OR,Odisha,OR_Nabarangapur,Nabarangapur,5956,86,5854,16,0,19,16,3,0,,
474,OR,Odisha,OR_Nayagarh,Nayagarh,6528,29,6452,47,0,6,4,2,0,,
475,OR,Odisha,OR_Nuapada,Nuapada,8317,286,8004,27,0,61,21,40,0,,
476,OR,Odisha,OR_Puri,Puri,14738,182,14434,122,0,45,43,2,0,,
477,OR,Odisha,OR_Rayagada,Rayagada,8574,68,8461,45,0,13,10,3,0,,
478,OR,Odisha,OR_Sambalpur,Sambalpur,10478,226,10174,78,0,48,48,0,0,,
479,OR,Odisha,OR_Subarnapur,Subarnapur,4831,34,4776,21,0,2,2,0,0,,
480,OR,Odisha,OR_Sundargarh,Sundargarh,16837,731,15928,178,0,131,105,26,0,,
485,PB,Punjab,PB_Amritsar,Amritsar,22988,3218,19039,731,0,0,0,0,0,,
486,PB,Punjab,PB_Barnala,Barnala,2782,317,2390,75,0,0,0,0,0,,
487,PB,Punjab,PB_Bathinda,Bathinda,12388,1342,10787,259,0,0,0,0,0,,
488,PB,Punjab,PB_Faridkot,Faridkot,5243,457,4693,93,0,0,0,0,0,,
489,PB,Punjab,PB_Fatehgarh Sahib,Fatehgarh Sahib,3943,343,3479,121,0,0,0,0,0,,
490,PB,Punjab,PB_Fazilka,Fazilka,4660,306,4270,84,0,0,0,0,0,,
491,PB,Punjab,PB_Ferozepur,Ferozepur,5518,310,5038,170,0,0,0,0,0,,
492,PB,Punjab,PB_Gurdaspur,Gurdaspur,11803,1012,10419,372,0,0,0,0,0,,
493,PB,Punjab,PB_Hoshiarpur,Hoshiarpur,15856,1379,13878,599,0,0,0,0,0,,
494,PB,Punjab,PB_Jalandhar,Jalandhar,32440,3086,28393,961,0,0,0,0,0,,
495,PB,Punjab,PB_Kapurthala,Kapurthala,9751,696,8778,277,0,0,0,0,0,,
496,PB,Punjab,PB_Ludhiana,Ludhiana,37189,2987,33016,1186,0,0,0,0,0,,
497,PB,Punjab,PB_Mansa,Mansa,3093,239,2798,56,0,0,0,0,0,,
498,PB,Punjab,PB_Moga,Moga,3787,331,3350,106,0,0,0,0,0,,
499,PB,Punjab,PB_Pathankot,Pathankot,6919,378,6365,176,0,0,0,0,0,,
500,PB,Punjab,PB_Patiala,Patiala,24032,2490,20930,612,0,0,0,0,0,,
501,PB,Punjab,PB_Rupnagar,Rupnagar,5868,902,4751,215,0,0,0,0,0,,
502,PB,Punjab,PB_S.A.S. Nagar,S.A.S. Nagar,29519,4278,24776,465,0,0,0,0,0,,
503,PB,Punjab,PB_Sangrur,Sangrur,5931,468,5220,243,0,0,0,0,0,,
504,PB,Punjab,PB_Shahid Bhagat Singh Nagar,Shahid Bhagat Singh Nagar,7661,421,7032,208,0,0,0,0,0,,
505,PB,Punjab,PB_Sri Muktsar Sahib,Sri Muktsar Sahib,4703,356,4237,110,0,0,0,0,0,,
506,PB,Punjab,PB_Tarn Taran,Tarn Taran,3946,539,3248,159,0,0,0,0,0,,
481,PY,Puducherry,PY_Karaikal,Karaikal,4858,487,4294,77,0,87,70,17,0,"2 case of TN has been transferred,so has been reduced from the total count.",
482,PY,Puducherry,PY_Mahe,Mahe,2379,67,2301,11,0,15,12,3,0,"1 case of KL have been transferred,so have been reduced from the total count",
483,PY,Puducherry,PY_Puducherry,Puducherry,33824,1408,31862,554,0,181,90,91,0,"209 cases(204 of TN, 1 of AP and 4 other) have been transferred,so have been reduced from the total count.[July 18]4 cases have transferred to TN and have been reduced from recovered cases.",
484,PY,Puducherry,PY_Yanam,Yanam,2181,38,2098,45,0,10,8,2,0,"2 cases of AP have been transferred,so have been reduced from the total count",
507,RJ,Rajasthan,RJ_Ajmer,Ajmer,18534,726,17577,231,0,0,0,0,0,,
508,RJ,Rajasthan,RJ_Alwar,Alwar,22527,463,21984,80,0,0,0,0,0,,
509,RJ,Rajasthan,RJ_Banswara,Banswara,3014,283,2694,37,0,0,0,0,0,,
510,RJ,Rajasthan,RJ_Baran,Baran,3043,311,2696,36,0,0,0,0,0,,
511,RJ,Rajasthan,RJ_Barmer,Barmer,5237,106,5078,53,0,0,0,0,0,,
512,RJ,Rajasthan,RJ_Bharatpur,Bharatpur,9248,78,9050,120,0,0,0,0,0,,
513,RJ,Rajasthan,RJ_Bhilwara,Bhilwara,11622,844,10737,41,0,0,0,0,0,,
514,RJ,Rajasthan,RJ_Bikaner,Bikaner,19523,357,18999,167,0,0,0,0,0,,
0,RJ,Rajasthan,RJ_BSF Camp,BSF Camp,85,0,85,0,0,0,0,0,0,,
515,RJ,Rajasthan,RJ_Bundi,Bundi,3298,220,3058,20,0,0,0,0,0,,
516,RJ,Rajasthan,RJ_Chittorgarh,Chittorgarh,4894,593,4256,45,0,0,0,0,0,,
517,RJ,Rajasthan,RJ_Churu,Churu,4410,25,4343,42,0,0,0,0,0,,
518,RJ,Rajasthan,RJ_Dausa,Dausa,2491,45,2421,25,0,0,0,0,0,,
519,RJ,Rajasthan,RJ_Dholpur,Dholpur,3879,84,3766,29,0,0,0,0,0,,
520,RJ,Rajasthan,RJ_Dungarpur,Dungarpur,6831,890,5903,38,0,0,0,0,0,,
0,RJ,Rajasthan,RJ_Evacuees,Evacuees,61,0,61,0,0,0,0,0,0,,
521,RJ,Rajasthan,RJ_Ganganagar,Ganganagar,7066,236,6788,42,0,0,0,0,0,,
522,RJ,Rajasthan,RJ_Hanumangarh,Hanumangarh,3332,280,3040,12,0,0,0,0,0,,
0,RJ,Rajasthan,RJ_Italians,Italians,2,0,2,0,0,0,0,0,0,,
523,RJ,Rajasthan,RJ_Jaipur,Jaipur,64238,3542,60171,525,0,0,0,0,0,,
524,RJ,Rajasthan,RJ_Jaisalmer,Jaisalmer,2306,43,2238,25,0,0,0,0,0,,
525,RJ,Rajasthan,RJ_Jalore,Jalore,5813,164,5597,52,0,0,0,0,0,,
526,RJ,Rajasthan,RJ_Jhalawar,Jhalawar,4144,210,3908,26,0,0,0,0,0,,
527,RJ,Rajasthan,RJ_Jhunjhunu,Jhunjhunu,4670,55,4560,55,0,0,0,0,0,,
528,RJ,Rajasthan,RJ_Jodhpur,Jodhpur,48101,2537,45251,313,0,0,0,0,0,,
529,RJ,Rajasthan,RJ_Karauli,Karauli,1679,84,1575,20,0,0,0,0,0,,
530,RJ,Rajasthan,RJ_Kota,Kota,22902,1391,21337,174,0,0,0,0,0,,
531,RJ,Rajasthan,RJ_Nagaur,Nagaur,10725,239,10387,99,0,0,0,0,0,,
0,RJ,Rajasthan,RJ_Other State,Other State,189,0,150,39,0,0,0,0,0,,
532,RJ,Rajasthan,RJ_Pali,Pali,11432,275,11047,110,0,0,0,0,0,,
533,RJ,Rajasthan,RJ_Pratapgarh,Pratapgarh,1546,223,1299,24,0,0,0,0,0,,
534,RJ,Rajasthan,RJ_Rajsamand,Rajsamand,5369,800,4515,54,0,0,0,0,0,,
535,RJ,Rajasthan,RJ_Sawai Madhopur,Sawai Madhopur,2269,142,2099,28,0,0,0,0,0,,
536,RJ,Rajasthan,RJ_Sikar,Sikar,9392,249,9040,103,0,0,0,0,0,,
537,RJ,Rajasthan,RJ_Sirohi,Sirohi,4532,719,3784,29,0,0,0,0,0,,
538,RJ,Rajasthan,RJ_Tonk,Tonk,3596,112,3448,36,0,0,0,0,0,,
539,RJ,Rajasthan,RJ_Udaipur,Udaipur,14791,1820,12835,136,0,0,0,0,0,,
540,SK,Sikkim,SK_East Sikkim,East Sikkim,1788,679,1106,3,0,0,0,0,0,,
541,SK,Sikkim,SK_North Sikkim,North Sikkim,9,8,1,0,0,0,0,0,0,,
542,SK,Sikkim,SK_South Sikkim,South Sikkim,520,447,73,0,0,0,0,0,0,,
543,SK,Sikkim,SK_West Sikkim,West Sikkim,110,95,15,0,0,0,0,0,0,,
0,TG,Telangana,TG_Foreign Evacuees,Foreign Evacuees,33,33,0,0,0,0,0,0,0,District-wise numbers are out-dated as cumulative counts for each district are not reported in Telangana bulletin,
0,TG,Telangana,TG_Other State,Other State,250,250,0,0,0,0,0,0,0,District-wise numbers are out-dated as cumulative counts for each district are not reported in Telangana bulletin,
576,TG,Telangana,TG_Adilabad,Adilabad,3438,3423,15,0,0,24,24,0,0,District-wise numbers are out-dated as cumulative counts for each district are not reported in Telangana bulletin,
577,TG,Telangana,TG_Bhadradri Kothagudem,Bhadradri Kothagudem,9289,9285,4,0,0,10,10,0,0,District-wise numbers are out-dated as cumulative counts for each district are not reported in Telangana bulletin,
578,TG,Telangana,TG_Hyderabad,Hyderabad,85100,84772,305,23,0,398,398,0,0,District-wise numbers are out-dated as cumulative counts for each district are not reported in Telangana bulletin,
579,TG,Telangana,TG_Jagtial,Jagtial,6997,6995,2,0,0,99,99,0,0,District-wise numbers are out-dated as cumulative counts for each district are not reported in Telangana bulletin,
580,TG,Telangana,TG_Jangaon,Jangaon,3903,3902,1,0,0,18,18,0,0,District-wise numbers are out-dated as cumulative counts for each district are not reported in Telangana bulletin,
581,TG,Telangana,TG_Jayashankar Bhupalapally,Jayashankar Bhupalapally,2686,2686,0,0,0,12,12,0,0,District-wise numbers are out-dated as cumulative counts for each district are not reported in Telangana bulletin,
582,TG,Telangana,TG_Jogulamba Gadwal,Jogulamba Gadwal,3490,3464,25,1,0,8,8,0,0,District-wise numbers are out-dated as cumulative counts for each district are not reported in Telangana bulletin,
583,TG,Telangana,TG_Kamareddy,Kamareddy,6043,6035,8,0,0,58,58,0,0,District-wise numbers are out-dated as cumulative counts for each district are not reported in Telangana bulletin,
584,TG,Telangana,TG_Karimnagar,Karimnagar,14712,14696,16,0,0,77,77,0,0,District-wise numbers are out-dated as cumulative counts for each district are not reported in Telangana bulletin,
585,TG,Telangana,TG_Khammam,Khammam,11164,11161,3,0,0,50,50,0,0,District-wise numbers are out-dated as cumulative counts for each district are not reported in Telangana bulletin,
586,TG,Telangana,TG_Komaram Bheem,Komaram Bheem,1798,1796,2,0,0,41,41,0,0,District-wise numbers are out-dated as cumulative counts for each district are not reported in Telangana bulletin,
587,TG,Telangana,TG_Mahabubabad,Mahabubabad,5624,5623,1,0,0,8,8,0,0,District-wise numbers are out-dated as cumulative counts for each district are not reported in Telangana bulletin,
588,TG,Telangana,TG_Mahabubnagar,Mahabubnagar,5616,5608,8,0,0,60,60,0,0,District-wise numbers are out-dated as cumulative counts for each district are not reported in Telangana bulletin,
589,TG,Telangana,TG_Mancherial,Mancherial,6096,6095,0,1,0,57,57,0,0,District-wise numbers are out-dated as cumulative counts for each district are not reported in Telangana bulletin,
590,TG,Telangana,TG_Medak,Medak,3963,3959,4,0,0,19,19,0,0,District-wise numbers are out-dated as cumulative counts for each district are not reported in Telangana bulletin,
591,TG,Telangana,TG_Medchal Malkajgiri,Medchal Malkajgiri,21850,21840,9,1,0,214,214,0,0,District-wise numbers are out-dated as cumulative counts for each district are not reported in Telangana bulletin,
592,TG,Telangana,TG_Mulugu,Mulugu,3087,3085,2,0,0,3,3,0,0,District-wise numbers are out-dated as cumulative counts for each district are not reported in Telangana bulletin,
593,TG,Telangana,TG_Nagarkurnool,Nagarkurnool,4670,4668,2,0,0,25,25,0,0,District-wise numbers are out-dated as cumulative counts for each district are not reported in Telangana bulletin,
594,TG,Telangana,TG_Nalgonda,Nalgonda,13028,13016,12,0,0,54,54,0,0,District-wise numbers are out-dated as cumulative counts for each district are not reported in Telangana bulletin,
595,TG,Telangana,TG_Narayanpet,Narayanpet,1219,1218,0,1,0,7,7,0,0,District-wise numbers are out-dated as cumulative counts for each district are not reported in Telangana bulletin,
596,TG,Telangana,TG_Nirmal,Nirmal,3493,3480,13,0,0,100,100,0,0,District-wise numbers are out-dated as cumulative counts for each district are not reported in Telangana bulletin,
597,TG,Telangana,TG_Nizamabad,Nizamabad,9499,9469,30,0,0,169,169,0,0,District-wise numbers are out-dated as cumulative counts for each district are not reported in Telangana bulletin,
598,TG,Telangana,TG_Peddapalli,Peddapalli,6196,6195,1,0,0,33,33,0,0,District-wise numbers are out-dated as cumulative counts for each district are not reported in Telangana bulletin,
599,TG,Telangana,TG_Rajanna Sircilla,Rajanna Sircilla,5570,5568,2,0,0,36,36,0,0,District-wise numbers are out-dated as cumulative counts for each district are not reported in Telangana bulletin,
600,TG,Telangana,TG_Ranga Reddy,Ranga Reddy,26260,26241,17,2,0,174,174,0,0,District-wise numbers are out-dated as cumulative counts for each district are not reported in Telangana bulletin,
601,TG,Telangana,TG_Sangareddy,Sangareddy,8885,8879,6,0,0,65,65,0,0,District-wise numbers are out-dated as cumulative counts for each district are not reported in Telangana bulletin,
602,TG,Telangana,TG_Siddipet,Siddipet,8409,8408,1,0,0,35,35,0,0,District-wise numbers are out-dated as cumulative counts for each district are not reported in Telangana bulletin,
603,TG,Telangana,TG_Suryapet,Suryapet,7470,7446,24,0,0,34,34,0,0,District-wise numbers are out-dated as cumulative counts for each district are not reported in Telangana bulletin,
604,TG,Telangana,TG_Vikarabad,Vikarabad,2967,2951,15,1,0,38,38,0,0,District-wise numbers are out-dated as cumulative counts for each district are not reported in Telangana bulletin,
605,TG,Telangana,TG_Wanaparthy,Wanaparthy,3766,3766,0,0,0,21,21,0,0,District-wise numbers are out-dated as cumulative counts for each district are not reported in Telangana bulletin,
606,TG,Telangana,TG_Warangal Rural,Warangal Rural,4018,4018,0,0,0,11,11,0,0,District-wise numbers are out-dated as cumulative counts for each district are not reported in Telangana bulletin,
607,TG,Telangana,TG_Warangal Urban,Warangal Urban,12634,12611,23,0,0,74,74,0,0,District-wise numbers are out-dated as cumulative counts for each district are not reported in Telangana bulletin,
608,TG,Telangana,TG_Yadadri Bhuvanagiri,Yadadri Bhuvanagiri,4433,4433,0,0,0,23,23,0,0,District-wise numbers are out-dated as cumulative counts for each district are not reported in Telangana bulletin,
0,TN,Tamil Nadu,TN_Railway Quarantine,Railway Quarantine,428,0,428,0,0,0,0,0,0,,
0,TN,Tamil Nadu,TN_Airport Quarantine,Airport Quarantine,2039,25,2012,2,0,0,0,0,0,,
0,TN,Tamil Nadu,TN_Other State,Other State,0,-3,0,3,0,0,0,0,0,,
544,TN,Tamil Nadu,TN_Ariyalur,Ariyalur,4880,56,4775,49,0,8,-1,9,0,,
732,TN,Tamil Nadu,TN_Chengalpattu,Chengalpattu,59048,2845,55365,838,0,406,166,237,3,,
545,TN,Tamil Nadu,TN_Chennai,Chennai,259320,11636,243395,4289,0,1469,948,515,6,[July 22]: 444 backdated deceased entries added to Chennai in TN bulletin.,
546,TN,Tamil Nadu,TN_Coimbatore,Coimbatore,61597,3059,57840,698,0,435,292,141,2,,
547,TN,Tamil Nadu,TN_Cuddalore,Cuddalore,26192,478,25422,292,0,45,1,44,0,,
548,TN,Tamil Nadu,TN_Dharmapuri,Dharmapuri,6919,148,6716,55,0,20,11,9,0,,
549,TN,Tamil Nadu,TN_Dindigul,Dindigul,12265,368,11695,202,0,48,30,18,0,,
550,TN,Tamil Nadu,TN_Erode,Erode,15680,330,15200,150,0,46,35,11,0,,
734,TN,Tamil Nadu,TN_Kallakurichi,Kallakurichi,11056,102,10846,108,0,6,3,3,0,,
551,TN,Tamil Nadu,TN_Kancheepuram,Kancheepuram,31402,667,30271,464,0,115,65,50,0,,
552,TN,Tamil Nadu,TN_Kanyakumari,Kanyakumari,17837,332,17240,265,0,61,42,19,0,,
553,TN,Tamil Nadu,TN_Karur,Karur,5769,110,5607,52,0,17,5,12,0,,
554,TN,Tamil Nadu,TN_Krishnagiri,Krishnagiri,8830,351,8360,119,0,61,35,26,0,,
555,TN,Tamil Nadu,TN_Madurai,Madurai,22475,789,21217,469,0,111,82,29,0,,
556,TN,Tamil Nadu,TN_Nagapattinam,Nagapattinam,9743,612,8986,145,0,119,64,55,0,,
557,TN,Tamil Nadu,TN_Namakkal,Namakkal,12337,232,11994,111,0,20,4,16,0,,
564,TN,Tamil Nadu,TN_Nilgiris,Nilgiris,8840,180,8610,50,0,24,12,12,0,,
558,TN,Tamil Nadu,TN_Perambalur,Perambalur,2330,21,2288,21,0,4,2,2,0,,
559,TN,Tamil Nadu,TN_Pudukkottai,Pudukkottai,12052,178,11714,160,0,21,3,18,0,,
560,TN,Tamil Nadu,TN_Ramanathapuram,Ramanathapuram,6665,118,6409,138,0,12,8,4,0,,
733,TN,Tamil Nadu,TN_Ranipet,Ranipet,16684,242,16252,190,0,26,-20,46,0,,
561,TN,Tamil Nadu,TN_Salem,Salem,34063,458,33136,469,0,104,39,65,0,,
562,TN,Tamil Nadu,TN_Sivaganga,Sivaganga,7181,184,6870,127,0,45,30,15,0,,
731,TN,Tamil Nadu,TN_Tenkasi,Tenkasi,8889,208,8520,161,0,21,10,11,0,,
563,TN,Tamil Nadu,TN_Thanjavur,Thanjavur,20723,832,19612,279,0,126,9,114,3,,
565,TN,Tamil Nadu,TN_Theni,Theni,17441,135,17099,207,0,33,25,8,0,,
566,TN,Tamil Nadu,TN_Thiruvallur,Thiruvallur,47509,1276,45514,719,0,206,107,96,3,,
567,TN,Tamil Nadu,TN_Thiruvarur,Thiruvarur,12543,518,11909,116,0,71,22,48,1,,
568,TN,Tamil Nadu,TN_Thoothukkudi,Thoothukkudi,16768,228,16397,143,0,47,31,16,0,,
569,TN,Tamil Nadu,TN_Tiruchirappalli,Tiruchirappalli,16568,938,15442,188,0,138,83,54,1,,
570,TN,Tamil Nadu,TN_Tirunelveli,Tirunelveli,16555,506,15832,217,0,78,62,16,0,,
735,TN,Tamil Nadu,TN_Tirupathur,Tirupathur,7959,139,7692,128,0,20,7,13,0,,
571,TN,Tamil Nadu,TN_Tiruppur,Tiruppur,20155,834,19093,228,0,154,99,55,0,,
572,TN,Tamil Nadu,TN_Tiruvannamalai,Tiruvannamalai,19972,254,19430,288,0,50,37,13,0,,
573,TN,Tamil Nadu,TN_Vellore,Vellore,21912,400,21157,355,0,74,42,32,0,,
574,TN,Tamil Nadu,TN_Viluppuram,Viluppuram,15739,230,15396,113,0,18,-8,26,0,,
575,TN,Tamil Nadu,TN_Virudhunagar,Virudhunagar,17021,115,16674,232,0,17,6,11,0,,
609,TR,Tripura,TR_Dhalai,Dhalai,3480,3,3458,18,1,0,0,0,0,,
610,TR,Tripura,TR_Gomati,Gomati,3934,2,3887,44,1,1,1,0,0,,
611,TR,Tripura,TR_Khowai,Khowai,1846,3,1812,31,0,1,1,0,0,,
612,TR,Tripura,TR_North Tripura,North Tripura,2764,3,2738,16,7,0,-1,1,0,,
613,TR,Tripura,TR_Sipahijala,Sipahijala,2892,5,2847,40,0,2,2,0,0,,
614,TR,Tripura,TR_South Tripura,South Tripura,4064,5,4033,23,3,0,-1,1,0,,
615,TR,Tripura,TR_Unokoti,Unokoti,2771,3,2745,23,0,1,1,0,0,,
616,TR,Tripura,TR_West Tripura,West Tripura,11858,100,11552,195,11,32,31,1,0,,
617,UP,Uttar Pradesh,UP_Agra,Agra,11172,474,10518,180,0,57,42,15,0,,
618,UP,Uttar Pradesh,UP_Aligarh,Aligarh,11744,172,11516,56,0,24,13,11,0,,
619,UP,Uttar Pradesh,UP_Ambedkar Nagar,Ambedkar Nagar,2040,125,1871,44,0,22,22,0,0,,
620,UP,Uttar Pradesh,UP_Amethi,Amethi,3882,75,3768,39,0,15,13,2,0,,
621,UP,Uttar Pradesh,UP_Amroha,Amroha,4558,166,4340,52,0,36,36,0,0,,
622,UP,Uttar Pradesh,UP_Auraiya,Auraiya,3772,195,3528,49,0,52,52,0,0,,
765,UP,Uttar Pradesh,UP_Ayodhya,Ayodhya,8430,200,8103,127,0,68,60,6,2,,
623,UP,Uttar Pradesh,UP_Azamgarh,Azamgarh,6612,428,6089,95,0,89,70,19,0,,
624,UP,Uttar Pradesh,UP_Baghpat,Baghpat,2411,57,2318,36,0,12,12,0,0,,
625,UP,Uttar Pradesh,UP_Bahraich,Bahraich,4367,185,4104,78,0,37,30,7,0,,
626,UP,Uttar Pradesh,UP_Ballia,Ballia,8390,474,7803,113,0,74,65,9,0,,
627,UP,Uttar Pradesh,UP_Balrampur,Balrampur,2522,167,2319,36,0,37,35,2,0,,
628,UP,Uttar Pradesh,UP_Banda,Banda,4166,272,3851,43,0,62,61,1,0,,
629,UP,Uttar Pradesh,UP_Barabanki,Barabanki,8396,422,7868,106,0,73,54,17,2,,
630,UP,Uttar Pradesh,UP_Bareilly,Bareilly,15611,631,14814,166,0,133,100,33,0,,
631,UP,Uttar Pradesh,UP_Basti,Basti,5599,180,5319,100,0,35,33,2,0,,
632,UP,Uttar Pradesh,UP_Bhadohi,Bhadohi,2497,217,2250,30,0,60,57,3,0,,
633,UP,Uttar Pradesh,UP_Bijnor,Bijnor,4692,206,4419,67,0,47,43,3,1,,
634,UP,Uttar Pradesh,UP_Budaun,Budaun,4327,166,4116,45,0,21,10,11,0,,
635,UP,Uttar Pradesh,UP_Bulandshahr,Bulandshahr,6552,182,6275,95,0,57,47,10,0,,
636,UP,Uttar Pradesh,UP_Chandauli,Chandauli,5367,400,4898,69,0,78,77,1,0,,
637,UP,Uttar Pradesh,UP_Chitrakoot,Chitrakoot,2372,173,2184,15,0,32,31,1,0,,
638,UP,Uttar Pradesh,UP_Deoria,Deoria,6965,172,6697,96,0,50,48,2,0,,
639,UP,Uttar Pradesh,UP_Etah,Etah,2641,91,2521,29,0,12,12,0,0,,
640,UP,Uttar Pradesh,UP_Etawah,Etawah,5999,180,5709,110,0,41,41,0,0,,
642,UP,Uttar Pradesh,UP_Farrukhabad,Farrukhabad,4879,124,4665,90,0,39,38,1,0,,
643,UP,Uttar Pradesh,UP_Fatehpur,Fatehpur,3965,78,3815,72,0,11,10,1,0,,
644,UP,Uttar Pradesh,UP_Firozabad,Firozabad,4353,241,4043,69,0,33,16,17,0,,
645,UP,Uttar Pradesh,UP_Gautam Buddha Nagar,Gautam Buddha Nagar,26821,743,25985,93,0,124,91,33,0,,
646,UP,Uttar Pradesh,UP_Ghaziabad,Ghaziabad,27809,526,27180,103,0,100,84,15,1,,
647,UP,Uttar Pradesh,UP_Ghazipur,Ghazipur,5663,333,5233,97,0,74,73,1,0,,
648,UP,Uttar Pradesh,UP_Gonda,Gonda,5367,228,5069,70,0,67,62,5,0,,
649,UP,Uttar Pradesh,UP_Gorakhpur,Gorakhpur,22728,1004,21355,369,0,260,217,43,0,,
650,UP,Uttar Pradesh,UP_Hamirpur,Hamirpur,1622,22,1579,21,0,6,6,0,0,,
651,UP,Uttar Pradesh,UP_Hapur,Hapur,4618,102,4448,68,0,36,27,9,0,,
652,UP,Uttar Pradesh,UP_Hardoi,Hardoi,6199,212,5871,116,0,48,47,0,1,,
653,UP,Uttar Pradesh,UP_Hathras,Hathras,1334,13,1314,7,0,0,0,0,0,,
654,UP,Uttar Pradesh,UP_Jalaun,Jalaun,4168,127,3993,48,0,47,44,3,0,,
655,UP,Uttar Pradesh,UP_Jaunpur,Jaunpur,7262,462,6699,101,0,88,82,6,0,,
656,UP,Uttar Pradesh,UP_Jhansi,Jhansi,11495,796,10521,178,0,180,175,5,0,,
657,UP,Uttar Pradesh,UP_Kannauj,Kannauj,3629,111,3468,50,0,18,16,2,0,,
658,UP,Uttar Pradesh,UP_Kanpur Dehat,Kanpur Dehat,2219,51,2129,39,0,8,8,0,0,,
659,UP,Uttar Pradesh,UP_Kanpur Nagar,Kanpur Nagar,35435,1975,32593,867,0,368,324,40,4,,
660,UP,Uttar Pradesh,UP_Kasganj,Kasganj,2008,37,1965,6,0,10,10,0,0,,
661,UP,Uttar Pradesh,UP_Kaushambi,Kaushambi,2359,87,2244,28,0,25,25,0,0,,
663,UP,Uttar Pradesh,UP_Kushinagar,Kushinagar,5922,178,5682,62,0,62,61,1,0,,
662,UP,Uttar Pradesh,UP_Lakhimpur Kheri,Lakhimpur Kheri,7965,233,7630,102,0,46,42,2,2,,
664,UP,Uttar Pradesh,UP_Lalitpur,Lalitpur,4069,501,3521,47,0,89,80,9,0,,
665,UP,Uttar Pradesh,UP_Lucknow,Lucknow,95976,10749,83962,1265,0,2369,1897,461,11,,
667,UP,Uttar Pradesh,UP_Maharajganj,Maharajganj,6003,123,5789,91,0,23,16,7,0,,
666,UP,Uttar Pradesh,UP_Mahoba,Mahoba,1534,44,1478,12,0,14,7,7,0,,
668,UP,Uttar Pradesh,UP_Mainpuri,Mainpuri,3911,41,3793,77,0,13,12,1,0,,
669,UP,Uttar Pradesh,UP_Mathura,Mathura,7498,429,6952,117,0,83,66,16,1,,
670,UP,Uttar Pradesh,UP_Mau,Mau,3253,153,3061,39,0,37,36,1,0,,
671,UP,Uttar Pradesh,UP_Meerut,Meerut,23711,917,22349,445,0,216,190,24,2,,
672,UP,Uttar Pradesh,UP_Mirzapur,Mirzapur,3758,267,3445,46,0,90,88,2,0,,
673,UP,Uttar Pradesh,UP_Moradabad,Moradabad,12435,368,11879,188,0,84,74,10,0,,
674,UP,Uttar Pradesh,UP_Muzaffarnagar,Muzaffarnagar,9578,459,9004,115,0,83,76,7,0,,
675,UP,Uttar Pradesh,UP_Pilibhit,Pilibhit,4267,36,4145,86,0,8,6,2,0,,
676,UP,Uttar Pradesh,UP_Pratapgarh,Pratapgarh,5749,215,5456,78,0,32,19,12,1,,
677,UP,Uttar Pradesh,UP_Prayagraj,Prayagraj,34354,4517,29404,433,0,1040,985,49,6,,
678,UP,Uttar Pradesh,UP_Rae Bareli,Rae Bareli,6275,489,5671,115,0,121,111,10,0,,
679,UP,Uttar Pradesh,UP_Rampur,Rampur,5796,200,5537,59,0,56,44,11,1,,
680,UP,Uttar Pradesh,UP_Saharanpur,Saharanpur,10788,473,10180,135,0,105,92,13,0,,
681,UP,Uttar Pradesh,UP_Sambhal,Sambhal,3326,97,3184,45,0,9,6,3,0,,
682,UP,Uttar Pradesh,UP_Sant Kabir Nagar,Sant Kabir Nagar,3707,169,3494,44,0,41,39,2,0,,
683,UP,Uttar Pradesh,UP_Shahjahanpur,Shahjahanpur,7274,255,6899,120,0,28,24,3,1,,
684,UP,Uttar Pradesh,UP_Shamli,Shamli,3883,142,3709,32,0,32,22,10,0,,
685,UP,Uttar Pradesh,UP_Shrawasti,Shrawasti,1441,50,1373,18,0,13,13,0,0,,
686,UP,Uttar Pradesh,UP_Siddharthnagar,Siddharthnagar,4274,147,4073,54,0,30,26,3,1,,
687,UP,Uttar Pradesh,UP_Sitapur,Sitapur,5104,205,4813,86,0,41,34,7,0,,
688,UP,Uttar Pradesh,UP_Sonbhadra,Sonbhadra,5337,269,4991,77,0,66,66,0,0,,
689,UP,Uttar Pradesh,UP_Sultanpur,Sultanpur,5333,253,4999,81,0,36,33,3,0,,
690,UP,Uttar Pradesh,UP_Unnao,Unnao,4955,351,4512,92,0,47,47,0,0,,
691,UP,Uttar Pradesh,UP_Varanasi,Varanasi,27911,3726,23711,474,0,794,720,72,2,,
692,UT,Uttarakhand,UT_Almora,Almora,3356,74,3122,26,134,16,10,6,0,,
693,UT,Uttarakhand,UT_Bageshwar,Bageshwar,1600,60,1497,17,26,6,6,0,0,,
694,UT,Uttarakhand,UT_Chamoli,Chamoli,3538,22,3406,15,95,10,5,5,0,,
695,UT,Uttarakhand,UT_Champawat,Champawat,1850,29,1798,9,14,1,1,0,0,,
696,UT,Uttarakhand,UT_Dehradun,Dehradun,33198,1979,29786,995,438,239,46,193,0,,
697,UT,Uttarakhand,UT_Haridwar,Haridwar,16566,1521,14545,172,328,277,235,40,2,,
698,UT,Uttarakhand,UT_Nainital,Nainital,13714,565,12805,240,104,132,122,10,0,,
699,UT,Uttarakhand,UT_Pauri Garhwal,Pauri Garhwal,5353,190,5079,61,23,8,7,0,1,,
700,UT,Uttarakhand,UT_Pithoragarh,Pithoragarh,3455,67,3328,48,12,6,6,0,0,,
701,UT,Uttarakhand,UT_Rudraprayag,Rudraprayag,2344,44,2283,10,7,12,2,10,0,,
702,UT,Uttarakhand,UT_Tehri Garhwal,Tehri Garhwal,4556,213,4070,16,257,39,38,1,0,,
703,UT,Uttarakhand,UT_Udham Singh Nagar,Udham Singh Nagar,12096,237,11596,118,145,34,34,0,0,,
704,UT,Uttarakhand,UT_Uttarkashi,Uttarkashi,3872,41,3685,17,129,7,7,0,0,,
705,WB,West Bengal,WB_Alipurduar,Alipurduar,7755,19,7650,86,0,0,-2,2,0,,
706,WB,West Bengal,WB_Bankura,Bankura,12248,89,12067,92,0,20,12,8,0,,
707,WB,West Bengal,WB_Birbhum,Birbhum,11261,895,10277,89,0,153,82,71,0,,
708,WB,West Bengal,WB_Cooch Behar,Cooch Behar,11930,43,11815,72,0,5,2,3,0,,
709,WB,West Bengal,WB_Dakshin Dinajpur,Dakshin Dinajpur,8262,58,8130,74,0,8,4,4,0,,
710,WB,West Bengal,WB_Darjeeling,Darjeeling,18870,212,18454,204,0,22,5,17,0,,
711,WB,West Bengal,WB_Hooghly,Hooghly,30899,709,29690,500,0,157,91,66,0,,
712,WB,West Bengal,WB_Howrah,Howrah,38189,1364,35768,1057,0,221,127,94,0,,
713,WB,West Bengal,WB_Jalpaiguri,Jalpaiguri,14925,112,14649,164,0,36,27,9,0,,
714,WB,West Bengal,WB_Jhargram,Jhargram,3083,10,3051,22,0,2,1,1,0,,
715,WB,West Bengal,WB_Kalimpong,Kalimpong,2257,13,2217,27,0,2,1,1,0,,
716,WB,West Bengal,WB_Kolkata,Kolkata,138263,5223,129900,3140,0,716,430,283,3,,
717,WB,West Bengal,WB_Malda,Malda,13254,395,12743,116,0,116,99,16,1,,
719,WB,West Bengal,WB_Murshidabad,Murshidabad,12804,368,12286,150,0,106,95,11,0,,
720,WB,West Bengal,WB_Nadia,Nadia,23228,374,22534,320,0,89,78,11,0,,
721,WB,West Bengal,WB_North 24 Parganas,North 24 Parganas,129671,3414,123714,2543,0,595,400,194,1,,
0,WB,West Bengal,WB_Other State,Other State,66,0,63,3,0,0,0,0,0,,
722,WB,West Bengal,WB_Paschim Bardhaman,Paschim Bardhaman,17707,864,16670,173,0,148,101,47,0,,
718,WB,West Bengal,WB_Paschim Medinipur,Paschim Medinipur,20523,156,20055,312,0,30,20,10,0,,
723,WB,West Bengal,WB_Purba Bardhaman,Purba Bardhaman,13047,236,12707,104,0,59,42,16,1,,
724,WB,West Bengal,WB_Purba Medinipur,Purba Medinipur,21061,225,20557,279,0,53,43,10,0,,
725,WB,West Bengal,WB_Purulia,Purulia,7638,189,7399,50,0,54,43,10,1,,
726,WB,West Bengal,WB_South 24 Parganas,South 24 Parganas,38852,949,37188,715,0,167,106,61,0,,
727,WB,West Bengal,WB_Uttar Dinajpur,Uttar Dinajpur,7014,192,6744,78,0,24,12,12,0,,
728,AN,Andaman and Nicobar Islands,AN_Unknown,Unknown,5079,30,4987,62,0,0,0,0,0,,
729,AP,Andhra Pradesh,AP_Unknown,Unknown,0,0,0,0,0,0,0,0,0,,
730,AR,Arunachal Pradesh,AR_Unknown,Unknown,0,0,0,0,0,0,0,0,0,,
731,AS,Assam,AS_Unknown,Unknown,102521,-68941,169799,316,1347,0,0,0,0,,
732,BR,Bihar,BR_Unknown,Unknown,0,0,0,0,0,0,0,0,0,,
733,CH,Chandigarh,CH_Unknown,Unknown,73,10,61,2,0,0,0,0,0,,
734,CT,Chhattisgarh,CT_Unknown,Unknown,0,0,0,0,0,0,0,0,0,,
735,DN,Dadra and Nagar Haveli and Daman and Diu,DN_Unknown,Unknown,0,0,0,0,0,0,0,0,0,,
737,DL,Delhi,DL_Unknown,Unknown,697217,22394,663667,11156,0,0,0,0,0,,
738,GA,Goa,GA_Unknown,Unknown,54432,-295,54077,650,0,0,0,0,0,,
739,GJ,Gujarat,GJ_Unknown,Unknown,0,0,0,0,0,0,0,0,0,,
740,HR,Haryana,HR_Unknown,Unknown,0,0,0,0,0,0,0,0,0,,
741,HP,Himachal Pradesh,HP_Unknown,Unknown,0,0,0,0,0,0,0,0,0,,
742,JK,Jammu and Kashmir,JK_Unknown,Unknown,0,0,0,0,0,0,0,0,0,,
743,JH,Jharkhand,JH_Unknown,Unknown,-1,0,-1,0,0,0,0,0,0,,
744,KA,Karnataka,KA_Unknown,Unknown,0,0,0,0,0,0,0,0,0,,
745,KL,Kerala,KL_Unknown,Unknown,0,0,0,0,0,0,0,0,0,,
746,LA,Ladakh,LA_Unknown,Unknown,0,0,0,0,0,0,0,0,0,,
747,LD,Lakshadweep,LD_Unknown,Unknown,14,-11,25,0,0,0,0,0,0,,
748,MP,Madhya Pradesh,MP_Unknown,Unknown,0,0,0,0,0,0,0,0,0,,
749,MH,Maharashtra,MH_Unknown,Unknown,0,0,0,0,0,0,0,0,0,,
750,MN,Manipur,MN_Unknown,Unknown,1416,-25702,27057,61,0,0,0,0,0,,
751,ML,Meghalaya,ML_Unknown,Unknown,0,0,0,0,0,0,0,0,0,,
752,MZ,Mizoram,MZ_Unknown,Unknown,0,0,0,0,0,0,0,0,0,,
753,NL,Nagaland,NL_Unknown,Unknown,0,0,0,0,0,0,0,0,0,,
754,OR,Odisha,OR_Unknown,Unknown,0,0,0,0,0,0,0,0,0,,
755,PY,Puducherry,PY_Unknown,Unknown,0,0,0,0,0,0,0,0,0,,
756,PB,Punjab,PB_Unknown,Unknown,0,0,0,0,0,0,0,0,0,,
757,RJ,Rajasthan,RJ_Unknown,Unknown,0,0,0,0,0,0,0,0,0,,
758,SK,Sikkim,SK_Unknown,Unknown,3890,-1134,4783,133,108,0,0,0,0,,
759,TN,Tamil Nadu,TN_Unknown,Unknown,0,0,0,0,0,0,0,0,0,,
760,TG,Telangana,TG_Unknown,Unknown,1048,-303713,303050,1711,0,0,0,0,0,,
761,TR,Tripura,TR_Unknown,Unknown,0,0,0,0,0,0,0,0,0,,
762,UP,Uttar Pradesh,UP_Unknown,Unknown,0,0,0,0,0,0,0,0,0,,
763,UT,Uttarakhand,UT_Unknown,Unknown,0,0,0,0,0,0,0,0,0,,
764,WB,West Bengal,WB_Unknown,Unknown,0,0,0,0,0,0,0,0,0,,